fips,countyname,state,SSP_count
1001,Autauga,Alabama,0
1009,Blount,Alabama,0
1017,Chambers,Alabama,0
1021,Chilton,Alabama,0
1033,Colbert,Alabama,0
1045,Dale,Alabama,0
1051,Elmore,Alabama,0
1065,Hale,Alabama,0
1079,Lawrence,Alabama,0
1083,Limestone,Alabama,0
1099,Monroe,Alabama,0
1107,Pickens,Alabama,0
1121,Talladega,Alabama,0
5141,Van Buren,Arkansas,0
5145,White,Arkansas,0
6005,Amador,California,0
6021,Glenn,California,0
6033,Lake,California,1
6043,Mariposa,California,0
6055,Napa,California,0
6089,Shasta,California,1
6099,Stanislaus,California,0
6115,Yuba,California,0
8003,Alamosa,Colorado,1
8013,Boulder,Colorado,1
8014,Broomfield,Colorado,0
8025,Crowley,Colorado,0
8031,Denver,Colorado,3
8035,Douglas,Colorado,0
8047,Gilpin,Colorado,0
12083,Marion,Florida,0
12087,Monroe,Florida,0
12095,Orange,Florida,1
12111,St. Lucie,Florida,0
12119,Sumter,Florida,0
12125,Union,Florida,0
13001,Appling,Georgia,0
13013,Barrow,Georgia,0
13029,Bryan,Georgia,0
13043,Candler,Georgia,0
13055,Chattooga,Georgia,0
13059,Clarke,Georgia,1
13071,Colquitt,Georgia,0
13079,Crawford,Georgia,0
13091,Dodge,Georgia,0
13107,Emanuel,Georgia,0
13113,Fayette,Georgia,0
13123,Gilmer,Georgia,0
8053,Hinsdale,Colorado,0
8057,Jackson,Colorado,0
8059,Jefferson,Colorado,1
8073,Lincoln,Colorado,0
8083,Montezuma,Colorado,0
8095,Phillips,Colorado,0
8105,Rio Grande,Colorado,0
8111,San Juan,Colorado,0
8123,Weld,Colorado,0
9015,Windham,Connecticut,0
12001,Alachua,Florida,0
12013,Calhoun,Florida,0
12023,Columbia,Florida,0
12039,Gadsden,Florida,0
12055,Highlands,Florida,0
12059,Holmes,Florida,0
12073,Leon,Florida,0
4003,Cochise,Arizona,0
4013,Maricopa,Arizona,3
5001,Arkansas,Arkansas,0
5009,Boone,Arkansas,0
5019,Clark,Arkansas,0
5029,Conway,Arkansas,0
5043,Drew,Arkansas,0
5051,Garland,Arkansas,0
5061,Howard,Arkansas,0
5071,Johnson,Arkansas,0
5085,Lonoke,Arkansas,0
5097,Montgomery,Arkansas,0
5101,Newton,Arkansas,0
5111,Poinsett,Arkansas,0
5123,St. Francis,Arkansas,0
5129,Searcy,Arkansas,0
13309,Wheeler,Georgia,0
13313,Whitfield,Georgia,0
13319,Wilkinson,Georgia,0
16015,Boise,Idaho,0
16021,Boundary,Idaho,0
16045,Gem,Idaho,0
16051,Jefferson,Idaho,0
16057,Latah,Idaho,0
16067,Minidoka,Idaho,0
16081,Teton,Idaho,0
17005,Bond,Illinois,0
17009,Brown,Illinois,0
17019,Champaign,Illinois,0
17029,Coles,Illinois,0
17035,Cumberland,Illinois,0
17049,Effingham,Illinois,0
17055,Franklin,Illinois,0
17065,Hamilton,Illinois,0
18051,Gibson,Indiana,0
18059,Hancock,Indiana,0
18069,Huntington,Indiana,0
18079,Jennings,Indiana,0
18085,Kosciusko,Indiana,0
18095,Madison,Indiana,2
18105,Monroe,Indiana,1
18115,Ohio,Indiana,0
18125,Pike,Indiana,0
18131,Pulaski,Indiana,0
18139,Rush,Indiana,0
18153,Sullivan,Indiana,0
18173,Warrick,Indiana,0
18179,Wells,Indiana,0
18183,Whitley,Indiana,0
19009,Audubon,Iowa,0
19017,Bremer,Iowa,0
19021,Buena Vista,Iowa,0
19031,Cedar,Iowa,0
19039,Clarke,Iowa,0
17073,Henry,Illinois,0
17077,Jackson,Illinois,0
17079,Jasper,Illinois,0
17089,Kane,Illinois,1
17103,Lee,Illinois,0
17107,Logan,Illinois,0
17121,Marion,Illinois,0
17129,Menard,Illinois,0
17139,Moultrie,Illinois,0
17145,Perry,Illinois,0
17155,Putnam,Illinois,0
17169,Schuyler,Illinois,0
17175,Stark,Illinois,0
17179,Tazewell,Illinois,0
17189,Washington,Illinois,0
17203,Woodford,Illinois,0
18009,Blackford,Indiana,0
18011,Boone,Indiana,0
18021,Clay,Indiana,0
18033,DeKalb,Indiana,0
13125,Glascock,Georgia,0
13129,Gordon,Georgia,0
13131,Grady,Georgia,0
13139,Hall,Georgia,0
13157,Jackson,Georgia,0
13169,Jones,Georgia,0
13175,Laurens,Georgia,0
13187,Lumpkin,Georgia,0
13197,Marion,Georgia,0
13201,Miller,Georgia,0
13217,Newton,Georgia,0
13225,Peach,Georgia,0
13233,Polk,Georgia,0
13243,Randolph,Georgia,0
13253,Seminole,Georgia,0
13265,Taliaferro,Georgia,0
13277,Tift,Georgia,0
13285,Troup,Georgia,0
13293,Upson,Georgia,0
13303,Washington,Georgia,0
20027,Clay,Kansas,0
20029,Cloud,Kansas,0
20039,Decatur,Kansas,0
20049,Elk,Kansas,0
20065,Graham,Kansas,0
20075,Hamilton,Kansas,0
20085,Jackson,Kansas,0
20095,Kingman,Kansas,0
20105,Lincoln,Kansas,0
20115,Marion,Kansas,0
20127,Morris,Kansas,0
20135,Ness,Kansas,0
20145,Pawnee,Kansas,0
20155,Reno,Kansas,0
20163,Rooks,Kansas,0
20173,Sedgwick,Kansas,0
20185,Stafford,Kansas,0
20195,Trego,Kansas,0
20203,Wichita,Kansas,0
20205,Wilson,Kansas,0
21183,Ohio,Kentucky,0
21187,Owen,Kentucky,1
21189,Owsley,Kentucky,0
21199,Pulaski,Kentucky,1
21209,Scott,Kentucky,1
21219,Todd,Kentucky,0
21229,Washington,Kentucky,0
22001,Acadia,Louisiana,0
22013,Bienville,Louisiana,0
22033,East Baton Rouge,Louisiana,1
22053,Jefferson Davis,Louisiana,0
22073,Ouachita,Louisiana,0
22077,Pointe Coupee,Louisiana,0
22089,St. Charles,Louisiana,0
22105,Tangipahoa,Louisiana,0
22115,Vernon,Louisiana,0
21003,Allen,Kentucky,0
21009,Barren,Kentucky,1
21017,Bourbon,Kentucky,1
21025,Breathitt,Kentucky,1
21031,Butler,Kentucky,0
21043,Carter,Kentucky,0
21053,Clinton,Kentucky,0
21063,Elliott,Kentucky,1
21077,Gallatin,Kentucky,0
21087,Green,Kentucky,0
21099,Hart,Kentucky,0
21103,Henry,Kentucky,0
21115,Johnson,Kentucky,0
21121,Knox,Kentucky,0
21137,Lincoln,Kentucky,1
21143,Lyon,Kentucky,0
21151,Madison,Kentucky,1
21157,Marshall,Kentucky,0
21169,Metcalfe,Kentucky,0
21175,Morgan,Kentucky,0
19045,Clinton,Iowa,0
19047,Crawford,Iowa,0
19055,Delaware,Iowa,0
19063,Emmet,Iowa,0
19067,Floyd,Iowa,0
19079,Hamilton,Iowa,0
19087,Henry,Iowa,0
19095,Iowa,Iowa,0
19105,Jones,Iowa,0
19113,Linn,Iowa,1
19121,Madison,Iowa,0
19125,Marion,Iowa,0
19137,Montgomery,Iowa,0
19141,O'Brien,Iowa,0
19151,Pocahontas,Iowa,0
19161,Sac,Iowa,0
19169,Story,Iowa,0
19175,Union,Iowa,0
19181,Warren,Iowa,0
19195,Worth,Iowa,0
20005,Atchison,Kansas,0
20015,Butler,Kansas,0
27073,Lac qui Parle,Minnesota,0
27083,Lyon,Minnesota,0
27085,McLeod,Minnesota,0
27093,Meeker,Minnesota,0
27103,Nicollet,Minnesota,0
27113,Pennington,Minnesota,0
27121,Pope,Minnesota,0
27127,Redwood,Minnesota,0
27147,Steele,Minnesota,0
27153,Todd,Minnesota,0
27161,Waseca,Minnesota,0
28003,Alcorn,Mississippi,0
28013,Calhoun,Mississippi,0
28017,Chickasaw,Mississippi,0
28029,Copiah,Mississippi,0
28037,Franklin,Mississippi,0
28049,Hinds,Mississippi,0
28061,Jasper,Mississippi,0
28065,Jefferson Davis,Mississippi,0
28075,Lauderdale,Mississippi,0
22121,West Baton Rouge,Louisiana,0
22127,Winn,Louisiana,0
23009,Hancock,Maine,1
23029,Washington,Maine,1
24001,Allegany,Maryland,0
24003,Anne Arundel,Maryland,0
24009,Calvert,Maryland,0
24017,Charles,Maryland,0
24019,Dorchester,Maryland,0
24029,Kent,Maryland,0
24035,Queen Anne's,Maryland,0
24037,St. Mary's,Maryland,0
24039,Somerset,Maryland,0
24041,Talbot,Maryland,0
25011,Franklin,Massachusetts,0
26009,Antrim,Michigan,1
26015,Barry,Michigan,0
26023,Branch,Michigan,0
26035,Clare,Michigan,0
26037,Clinton,Michigan,0
26045,Eaton,Michigan,0
26057,Gratiot,Michigan,0
26061,Houghton,Michigan,0
26073,Isabella,Michigan,0
26077,Kalamazoo,Michigan,0
26083,Keweenaw,Michigan,0
26085,Lake,Michigan,0
26091,Lenawee,Michigan,0
26097,Mackinac,Michigan,0
26103,Marquette,Michigan,1
26107,Mecosta,Michigan,0
26111,Midland,Michigan,0
26117,Montcalm,Michigan,0
26123,Newaygo,Michigan,0
26133,Osceola,Michigan,0
26143,Roscommon,Michigan,0
26155,Shiawassee,Michigan,0
26161,Washtenaw,Michigan,1
26165,Wexford,Michigan,0
27009,Benton,Minnesota,0
27019,Carver,Minnesota,0
27029,Clearwater,Minnesota,0
27039,Dodge,Minnesota,0
27051,Grant,Minnesota,0
27057,Hubbard,Minnesota,0
27067,Kandiyohi,Minnesota,0
29097,Jasper,Missouri,0
29103,Knox,Missouri,0
29109,Lawrence,Missouri,0
29117,Livingston,Missouri,0
29131,Miller,Missouri,0
29137,Monroe,Missouri,0
29151,Osage,Missouri,0
29159,Pettis,Missouri,0
29169,Pulaski,Missouri,0
29179,Reynolds,Missouri,0
29195,Saline,Missouri,0
29205,Shelby,Missouri,0
29211,Sullivan,Missouri,0
29221,Washington,Missouri,0
29229,Wright,Missouri,0
30013,Cascade,Montana,0
30037,Golden Valley,Montana,0
30043,Jefferson,Montana,0
31121,Merrick,Nebraska,0
31125,Nance,Nebraska,0
31135,Perkins,Nebraska,0
31137,Phelps,Nebraska,0
31147,Richardson,Nebraska,0
31159,Seward,Nebraska,0
31163,Sherman,Nebraska,0
31171,Thomas,Nebraska,0
31183,Wheeler,Nebraska,0
32009,Esmeralda,Nevada,0
32021,Mineral,Nevada,0
32033,White Pine,Nevada,0
34007,Camden,New Jersey,0
34015,Gloucester,New Jersey,0
34031,Passaic,New Jersey,0
35001,Bernalillo,New Mexico,2
35006,Cibola,New Mexico,0
30051,Liberty,Montana,0
30059,Meagher,Montana,0
30069,Petroleum,Montana,0
30093,Silver Bow,Montana,0
30099,Teton,Montana,0
30107,Wheatland,Montana,0
31003,Antelope,Nebraska,0
31009,Blaine,Nebraska,0
31023,Butler,Nebraska,0
31035,Clay,Nebraska,0
31037,Colfax,Nebraska,0
31047,Dawson,Nebraska,0
31053,Dodge,Nebraska,0
31063,Frontier,Nebraska,0
31073,Gosper,Nebraska,0
31085,Hayes,Nebraska,0
31093,Howard,Nebraska,0
31097,Johnson,Nebraska,0
31117,McPherson,Nebraska,0
28079,Leake,Mississippi,0
28083,Leflore,Mississippi,0
28095,Monroe,Mississippi,0
28099,Neshoba,Mississippi,0
28103,Noxubee,Mississippi,0
28115,Pontotoc,Mississippi,0
28117,Prentiss,Mississippi,0
28127,Simpson,Mississippi,0
28139,Tippah,Mississippi,0
28151,Washington,Mississippi,0
29001,Adair,Missouri,0
29009,Barry,Missouri,0
29021,Buchanan,Missouri,0
29033,Carroll,Missouri,0
29043,Christian,Missouri,0
29053,Cooper,Missouri,0
29065,Dent,Missouri,0
29075,Gentry,Missouri,0
29085,Hickory,Missouri,0
37001,Alamance,North Carolina,0
37005,Alleghany,North Carolina,0
37017,Bladen,North Carolina,0
37021,Buncombe,North Carolina,2
37027,Caldwell,North Carolina,0
37055,Dare,North Carolina,0
37057,Davidson,North Carolina,0
37067,Forsyth,North Carolina,1
37081,Guilford,North Carolina,1
37091,Hertford,North Carolina,0
37103,Jones,North Carolina,0
37117,Martin,North Carolina,1
37127,Nash,North Carolina,1
37141,Pender,North Carolina,0
37151,Randolph,North Carolina,0
37165,Scotland,North Carolina,0
37167,Stanly,North Carolina,0
39055,Geauga,Ohio,0
39063,Hancock,Ohio,1
39065,Hardin,Ohio,0
39075,Holmes,Ohio,0
39089,Licking,Ohio,0
39097,Madison,Ohio,0
39109,Miami,Ohio,0
39121,Noble,Ohio,0
39131,Pike,Ohio,0
39143,Sandusky,Ohio,0
39147,Seneca,Ohio,0
39159,Union,Ohio,0
39169,Wayne,Ohio,0
39173,Wood,Ohio,0
40009,Beckham,Oklahoma,0
40019,Carter,Oklahoma,0
40031,Comanche,Oklahoma,0
40043,Dewey,Oklahoma,0
40053,Grant,Oklahoma,0
37181,Vance,North Carolina,1
37191,Wayne,North Carolina,0
37197,Yadkin,North Carolina,0
38007,Billings,North Dakota,0
38019,Cavalier,North Dakota,0
38031,Foster,North Dakota,0
38035,Grand Forks,North Dakota,0
38045,LaMoure,North Dakota,0
38061,Mountrail,North Dakota,0
38073,Ransom,North Dakota,0
38079,Rolette,North Dakota,0
38091,Steele,North Dakota,0
38103,Wells,North Dakota,0
39003,Allen,Ohio,0
39015,Brown,Ohio,0
39027,Clinton,Ohio,0
39039,Defiance,Ohio,0
39047,Fayette,Ohio,0
35015,Eddy,New Mexico,0
35027,Lincoln,New Mexico,0
35028,Los Alamos,New Mexico,0
35045,San Juan,New Mexico,0
35053,Socorro,New Mexico,0
36003,Allegany,New York,0
36021,Columbia,New York,0
36037,Genesee,New York,0
36043,Herkimer,New York,0
36057,Montgomery,New York,0
36069,Ontario,New York,0
36083,Rensselaer,New York,0
36095,Schoharie,New York,0
36109,Tompkins,New York,1
36121,Wyoming,New York,0
36123,Yates,New York,0
42013,Blair,Pennsylvania,0
42015,Bradford,Pennsylvania,0
42021,Cambria,Pennsylvania,0
42031,Clarion,Pennsylvania,0
42047,Elk,Pennsylvania,0
42063,Indiana,Pennsylvania,0
42069,Lackawanna,Pennsylvania,0
42087,Mifflin,Pennsylvania,0
42093,Montour,Pennsylvania,0
42105,Potter,Pennsylvania,0
42113,Sullivan,Pennsylvania,0
42123,Warren,Pennsylvania,0
45005,Allendale,South Carolina,0
45009,Bamberg,South Carolina,0
45027,Clarendon,South Carolina,0
45039,Fairfield,South Carolina,0
47005,Benton,Tennessee,0
47007,Bledsoe,Tennessee,0
47013,Campbell,Tennessee,0
47027,Clay,Tennessee,0
47031,Coffee,Tennessee,0
47045,Dyer,Tennessee,0
47057,Grainger,Tennessee,0
47069,Hardeman,Tennessee,0
47081,Hickman,Tennessee,0
47093,Knox,Tennessee,0
47105,Loudon,Tennessee,0
47117,Marshall,Tennessee,0
47129,Morgan,Tennessee,0
47139,Polk,Tennessee,0
47151,Scott,Tennessee,0
47173,Union,Tennessee,0
47179,Washington,Tennessee,1
45049,Hampton,South Carolina,0
45053,Jasper,South Carolina,0
45075,Orangeburg,South Carolina,0
45081,Saluda,South Carolina,0
46003,Aurora,South Dakota,0
46007,Bennett,South Dakota,0
46017,Buffalo,South Dakota,0
46029,Codington,South Dakota,0
46035,Davison,South Dakota,0
46043,Douglas,South Dakota,0
46055,Haakon,South Dakota,0
46061,Hanson,South Dakota,0
46087,McCook,South Dakota,0
46095,Mellette,South Dakota,0
46103,Pennington,South Dakota,0
46111,Sanborn,South Dakota,0
46125,Turner,South Dakota,0
46137,Ziebach,South Dakota,0
40059,Harper,Oklahoma,0
40063,Hughes,Oklahoma,0
40073,Kingfisher,Oklahoma,0
40081,Lincoln,Oklahoma,0
40087,McClain,Oklahoma,0
40097,Mayes,Oklahoma,0
40109,Oklahoma,Oklahoma,0
40123,Pontotoc,Oklahoma,0
40127,Pushmataha,Oklahoma,0
40147,Washington,Oklahoma,0
40153,Woodward,Oklahoma,0
41017,Deschutes,Oregon,1
41031,Jefferson,Oregon,0
41037,Lake,Oregon,0
41053,Polk,Oregon,0
41069,Wheeler,Oregon,0
42005,Armstrong,Pennsylvania,0
48357,Ochiltree,Texas,0
48359,Oldham,Texas,0
48367,Parker,Texas,0
48379,Rains,Texas,0
48381,Randall,Texas,0
48393,Roberts,Texas,0
48397,Rockwall,Texas,0
48411,San Saba,Texas,0
48425,Somervell,Texas,0
48429,Stephens,Texas,0
48433,Stonewall,Texas,0
48445,Terry,Texas,0
48449,Titus,Texas,0
48459,Upshur,Texas,0
48463,Uvalde,Texas,0
48475,Ward,Texas,0
48491,Williamson,Texas,0
48497,Wise,Texas,0
48507,Zavala,Texas,0
49011,Davis,Utah,0
47185,White,Tennessee,0
47189,Wilson,Tennessee,0
48009,Archer,Texas,0
48011,Armstrong,Texas,0
48021,Bastrop,Texas,0
48031,Blanco,Texas,0
48047,Brooks,Texas,0
48053,Burnet,Texas,0
48063,Camp,Texas,0
48069,Castro,Texas,0
48079,Cochran,Texas,0
48095,Concho,Texas,0
48099,Coryell,Texas,0
48103,Crane,Texas,0
48115,Dawson,Texas,0
48123,DeWitt,Texas,0
48127,Dimmit,Texas,0
48137,Edwards,Texas,0
48149,Fayette,Texas,0
48159,Franklin,Texas,0
48169,Garza,Texas,0
48177,Gonzales,Texas,0
48179,Gray,Texas,0
48185,Grimes,Texas,0
48191,Hall,Texas,0
48195,Hansford,Texas,0
48217,Hill,Texas,0
48227,Howard,Texas,0
48233,Hutchinson,Texas,0
48247,Jim Hogg,Texas,0
48251,Johnson,Texas,0
48263,Kent,Texas,0
48265,Kerr,Texas,0
48275,Knox,Texas,0
48283,La Salle,Texas,0
48297,Live Oak,Texas,0
48303,Lubbock,Texas,0
48309,McLennan,Texas,1
48319,Mason,Texas,0
48329,Midland,Texas,0
48339,Montgomery,Texas,0
48349,Navarro,Texas,0
48353,Nolan,Texas,0
51121,Montgomery,Virginia,0
51125,Nelson,Virginia,0
51141,Patrick,Virginia,0
51145,Powhatan,Virginia,0
51155,Pulaski,Virginia,0
51157,Rappahannock,Virginia,0
51173,Smyth,Virginia,0
51187,Warren,Virginia,0
51197,Wythe,Virginia,0
51510,Alexandria,Virginia,0
51530,Buena Vista,Virginia,0
51540,Charlottesville,Virginia,0
51595,Emporia,Virginia,0
51660,Harrisonburg,Virginia,0
51670,Hopewell,Virginia,0
51760,Richmond,Virginia,1
51775,Salem,Virginia,0
51820,Waynesboro,Virginia,0
53013,Columbia,Washington,0
53021,Franklin,Washington,0
55029,Door,Wisconsin,0
55033,Dunn,Wisconsin,0
55039,Fond du Lac,Wisconsin,0
55045,Green,Wisconsin,0
55063,La Crosse,Wisconsin,1
55069,Lincoln,Wisconsin,0
55073,Marathon,Wisconsin,1
55081,Monroe,Wisconsin,0
55095,Polk,Wisconsin,0
55103,Richland,Wisconsin,0
55115,Shawano,Wisconsin,0
55129,Washburn,Wisconsin,0
55141,Wood,Wisconsin,0
56025,Natrona,Wyoming,0
56031,Platte,Wyoming,0
56033,Sheridan,Wyoming,0
56045,Weston,Wyoming,0
53041,Lewis,Washington,1
53045,Mason,Washington,0
53065,Stevens,Washington,1
54001,Barbour,West Virginia,0
54007,Braxton,West Virginia,0
54013,Calhoun,West Virginia,0
54021,Gilmer,West Virginia,0
54039,Kanawha,West Virginia,1
54049,Marion,West Virginia,0
54061,Monongalia,West Virginia,1
54079,Putnam,West Virginia,0
54089,Summers,West Virginia,0
54101,Webster,West Virginia,1
55003,Ashland,Wisconsin,1
55005,Barron,Wisconsin,0
55007,Bayfield,Wisconsin,0
55017,Chippewa,Wisconsin,0
55025,Dane,Wisconsin,2
49029,Morgan,Utah,0
49031,Piute,Utah,0
49035,Salt Lake,Utah,4
49051,Wasatch,Utah,0
50005,Caledonia,Vermont,1
50019,Orleans,Vermont,0
51007,Amelia,Virginia,0
51017,Bath,Virginia,0
51029,Buckingham,Virginia,0
51043,Clarke,Virginia,0
51047,Culpeper,Virginia,0
51063,Floyd,Virginia,0
51075,Goochland,Virginia,0
51101,King William,Virginia,0
51111,Lunenburg,Virginia,0
51113,Madison,Virginia,0
1023,Choctaw,Alabama,0
1025,Clarke,Alabama,0
1029,Cleburne,Alabama,0
1031,Coffee,Alabama,0
1037,Coosa,Alabama,0
1047,Dallas,Alabama,0
1055,Etowah,Alabama,0
1059,Franklin,Alabama,0
1061,Geneva,Alabama,0
1067,Henry,Alabama,0
1071,Jackson,Alabama,0
1081,Lee,Alabama,0
1085,Lowndes,Alabama,0
1087,Macon,Alabama,0
1089,Madison,Alabama,0
5143,Washington,Arkansas,0
5147,Woodruff,Arkansas,0
6003,Alpine,California,0
6007,Butte,California,1
1093,Marion,Alabama,0
1095,Marshall,Alabama,0
1097,Mobile,Alabama,1
1101,Montgomery,Alabama,0
1117,Shelby,Alabama,0
1119,Sumter,Alabama,0
1125,Tuscaloosa,Alabama,0
1131,Wilcox,Alabama,0
1007,Bibb,Alabama,0
1011,Bullock,Alabama,0
1015,Calhoun,Alabama,0
6045,Mendocino,California,1
6049,Modoc,California,0
6051,Mono,California,0
6057,Nevada,California,0
6059,Orange,California,1
6065,Riverside,California,0
6069,San Benito,California,0
6073,San Diego,California,0
6075,San Francisco,California,5
6113,Yolo,California,0
8001,Adams,Colorado,0
8007,Archuleta,Colorado,0
8009,Baca,Colorado,0
8015,Chaffee,Colorado,0
8017,Cheyenne,Colorado,0
8021,Conejos,Colorado,0
8023,Costilla,Colorado,0
8029,Delta,Colorado,0
8037,Eagle,Colorado,0
8043,Fremont,Colorado,0
6081,San Mateo,California,0
6083,Santa Barbara,California,1
6087,Santa Cruz,California,1
6095,Solano,California,0
6101,Sutter,California,0
6103,Tehama,California,0
6109,Tuolumne,California,0
6009,Calaveras,California,0
6013,Contra Costa,California,0
6015,Del Norte,California,0
13149,Heard,Georgia,0
20059,Franklin,Kansas,0
6025,Imperial,California,0
6029,Kern,California,1
6031,Kings,California,1
6039,Madera,California,0
13067,Cobb,Georgia,0
13069,Coffee,Georgia,0
13073,Columbia,Georgia,0
13077,Coweta,Georgia,0
13081,Crisp,Georgia,0
13087,Decatur,Georgia,0
13093,Dooly,Georgia,0
13095,Dougherty,Georgia,0
13101,Echols,Georgia,0
13103,Effingham,Georgia,0
13109,Evans,Georgia,0
13115,Floyd,Georgia,0
13119,Franklin,Georgia,0
8061,Kiowa,Colorado,0
8063,Kit Carson,Colorado,0
8069,Larimer,Colorado,1
12089,Nassau,Florida,0
12091,Okaloosa,Florida,0
12097,Osceola,Florida,0
12099,Palm Beach,Florida,1
12101,Pasco,Florida,0
12107,Putnam,Florida,0
12109,St. Johns,Florida,0
12113,Santa Rosa,Florida,0
12115,Sarasota,Florida,0
12117,Seminole,Florida,0
12127,Volusia,Florida,1
12131,Walton,Florida,0
13003,Atkinson,Georgia,0
13005,Bacon,Georgia,0
13009,Baldwin,Georgia,0
13015,Bartow,Georgia,0
13023,Bleckley,Georgia,0
13025,Brantley,Georgia,0
13031,Bulloch,Georgia,0
13037,Calhoun,Georgia,0
13049,Charlton,Georgia,0
13053,Chattahoochee,Georgia,0
13057,Cherokee,Georgia,0
13063,Clayton,Georgia,0
9013,Tolland,Connecticut,0
10005,Sussex,Delaware,0
11001,District of Columbia,District of Columbia,4
12003,Baker,Florida,0
12005,Bay,Florida,0
12011,Broward,Florida,0
12015,Charlotte,Florida,0
12071,Lee,Florida,0
12079,Madison,Florida,0
12081,Manatee,Florida,0
8085,Montrose,Colorado,0
12017,Citrus,Florida,0
12029,Dixie,Florida,0
12031,Duval,Florida,0
12041,Gilchrist,Florida,0
12043,Glades,Florida,0
12045,Gulf,Florida,0
12049,Hardee,Florida,0
12051,Hendry,Florida,0
12053,Hernando,Florida,0
12061,Indian River,Florida,0
12063,Jackson,Florida,0
12069,Lake,Florida,0
8075,Logan,Colorado,0
8077,Mesa,Colorado,1
8081,Moffat,Colorado,0
8087,Morgan,Colorado,0
8091,Ouray,Colorado,0
8097,Pitkin,Colorado,0
8103,Rio Blanco,Colorado,0
8109,Saguache,Colorado,0
8119,Teller,Colorado,0
8121,Washington,Colorado,0
8125,Yuma,Colorado,0
9003,Hartford,Connecticut,1
9007,Middlesex,Connecticut,0
5015,Carroll,Arkansas,0
5017,Chicot,Arkansas,0
5025,Cleveland,Arkansas,0
5027,Columbia,Arkansas,0
5033,Crawford,Arkansas,0
5045,Faulkner,Arkansas,0
5047,Franklin,Arkansas,0
5053,Grant,Arkansas,0
5059,Hot Spring,Arkansas,0
5067,Jackson,Arkansas,0
5073,Lafayette,Arkansas,0
5081,Little River,Arkansas,0
5083,Logan,Arkansas,0
5087,Madison,Arkansas,0
16001,Ada,Idaho,2
16003,Adams,Idaho,0
16009,Benewah,Idaho,0
16017,Bonner,Idaho,0
16019,Bonneville,Idaho,0
5089,Marion,Arkansas,0
5091,Miller,Arkansas,0
5093,Mississippi,Arkansas,0
5099,Nevada,Arkansas,0
5103,Ouachita,Arkansas,0
5113,Polk,Arkansas,0
5115,Pope,Arkansas,0
5121,Randolph,Arkansas,0
5133,Sevier,Arkansas,0
5137,Stone,Arkansas,0
13317,Wilkes,Georgia,0
13321,Worth,Georgia,0
4005,Coconino,Arizona,0
4009,Graham,Arizona,0
4011,Greenlee,Arizona,0
4012,La Paz,Arizona,0
4017,Navajo,Arizona,0
4021,Pinal,Arizona,0
4023,Santa Cruz,Arizona,0
4027,Yuma,Arizona,0
5003,Ashley,Arkansas,0
5013,Calhoun,Arkansas,0
16071,Oneida,Idaho,0
16077,Power,Idaho,0
16079,Shoshone,Idaho,0
16083,Twin Falls,Idaho,0
17003,Alexander,Illinois,0
17007,Boone,Illinois,0
17011,Bureau,Illinois,0
17015,Carroll,Illinois,0
17023,Clark,Illinois,0
17033,Crawford,Illinois,0
17037,DeKalb,Illinois,0
17041,Douglas,Illinois,0
17043,DuPage,Illinois,0
18117,Orange,Indiana,0
18121,Parke,Indiana,0
18127,Porter,Indiana,0
18135,Randolph,Indiana,0
18137,Ripley,Indiana,0
18141,St. Joseph,Indiana,0
18149,Starke,Indiana,0
18151,Steuben,Indiana,0
18159,Tipton,Indiana,0
18161,Union,Indiana,0
18167,Vigo,Indiana,0
18169,Wabash,Indiana,0
18175,Washington,Indiana,0
18181,White,Indiana,0
19001,Adair,Iowa,0
17047,Edwards,Illinois,0
17051,Fayette,Illinois,0
17053,Ford,Illinois,0
17057,Fulton,Illinois,0
17063,Grundy,Illinois,0
18055,Greene,Indiana,0
18057,Hamilton,Indiana,0
18065,Henry,Indiana,0
18067,Howard,Indiana,0
18071,Jackson,Indiana,0
18077,Jefferson,Indiana,0
18087,LaGrange,Indiana,0
18091,LaPorte,Indiana,0
18097,Marion,Indiana,1
18101,Martin,Indiana,0
18103,Miami,Indiana,0
18109,Morgan,Indiana,0
16023,Butte,Idaho,0
16025,Camas,Idaho,0
16029,Caribou,Idaho,0
16033,Clark,Idaho,0
16041,Franklin,Idaho,0
16043,Fremont,Idaho,0
16047,Gooding,Idaho,0
16053,Jerome,Idaho,0
16055,Kootenai,Idaho,1
16061,Lewis,Idaho,0
16065,Madison,Idaho,0
16069,Nez Perce,Idaho,0
18007,Benton,Indiana,0
18013,Brown,Indiana,0
18015,Carroll,Indiana,0
18019,Clark,Indiana,1
18025,Crawford,Indiana,0
18031,Decatur,Indiana,0
18035,Delaware,Indiana,0
18045,Fountain,Indiana,0
13137,Habersham,Georgia,0
13141,Hancock,Georgia,0
13147,Hart,Georgia,0
13155,Irwin,Georgia,0
13159,Jasper,Georgia,0
13165,Jenkins,Georgia,0
13171,Lamar,Georgia,0
13173,Lanier,Georgia,0
20091,Johnson,Kansas,0
20097,Kiowa,Kansas,0
20099,Labette,Kansas,0
20103,Leavenworth,Kansas,0
20109,Logan,Kansas,0
20113,McPherson,Kansas,0
20119,Meade,Kansas,0
20125,Montgomery,Kansas,0
20131,Nemaha,Kansas,0
20141,Osborne,Kansas,0
20143,Ottawa,Kansas,0
20157,Republic,Kansas,0
20165,Rush,Kansas,0
20167,Russell,Kansas,0
20171,Scott,Kansas,0
20177,Shawnee,Kansas,0
22057,Lafourche,Louisiana,0
22061,Lincoln,Louisiana,0
22063,Livingston,Louisiana,0
22069,Natchitoches,Louisiana,0
22075,Plaquemines,Louisiana,0
22079,Rapides,Louisiana,1
22081,Red River,Louisiana,0
22085,Sabine,Louisiana,0
21111,Jefferson,Kentucky,1
21113,Jessamine,Kentucky,0
21123,Larue,Kentucky,0
21129,Lee,Kentucky,0
21135,Lewis,Kentucky,0
21139,Livingston,Kentucky,0
21145,McCracken,Kentucky,0
21153,Magoffin,Kentucky,0
21159,Martin,Kentucky,1
21167,Mercer,Kentucky,1
21171,Monroe,Kentucky,0
21173,Montgomery,Kentucky,0
21179,Nelson,Kentucky,0
19053,Decatur,Iowa,0
18003,Allen,Indiana,1
13181,Lincoln,Georgia,0
19061,Dubuque,Iowa,0
19069,Franklin,Iowa,0
19075,Grundy,Iowa,0
19077,Guthrie,Iowa,0
19089,Howard,Iowa,0
19093,Ida,Iowa,0
19101,Jefferson,Iowa,0
19103,Johnson,Iowa,0
19107,Keokuk,Iowa,0
19111,Lee,Iowa,0
19127,Marshall,Iowa,0
19129,Mills,Iowa,0
19135,Monroe,Iowa,0
19139,Muscatine,Iowa,0
19145,Page,Iowa,0
20181,Sherman,Kansas,0
19153,Polk,Iowa,0
19155,Pottawattamie,Iowa,0
19159,Ringgold,Iowa,0
19163,Scott,Iowa,1
19171,Tama,Iowa,0
19177,Van Buren,Iowa,0
19183,Washington,Iowa,0
19189,Winnebago,Iowa,0
19193,Woodbury,Iowa,0
20003,Anderson,Kansas,0
20009,Barton,Kansas,0
20017,Chase,Kansas,0
20019,Chautauqua,Kansas,0
13211,Morgan,Georgia,0
27081,Lincoln,Minnesota,0
27089,Marshall,Minnesota,0
27091,Martin,Minnesota,0
27095,Mille Lacs,Minnesota,0
27097,Morrison,Minnesota,0
27099,Mower,Minnesota,0
27105,Nobles,Minnesota,0
27109,Olmsted,Minnesota,0
27111,Otter Tail,Minnesota,0
27115,Pine,Minnesota,0
27117,Pipestone,Minnesota,0
27119,Polk,Minnesota,1
27129,Renville,Minnesota,0
27133,Rock,Minnesota,0
19059,Dickinson,Iowa,0
27141,Sherburne,Minnesota,0
27145,Stearns,Minnesota,0
27149,Stevens,Minnesota,0
27157,Wabasha,Minnesota,0
27163,Washington,Minnesota,0
27171,Wright,Minnesota,0
28005,Amite,Mississippi,0
28009,Benton,Mississippi,0
28011,Bolivar,Mississippi,0
28015,Carroll,Mississippi,0
28021,Claiborne,Mississippi,0
28031,Covington,Mississippi,0
28039,George,Mississippi,0
19149,Plymouth,Iowa,0
28045,Hancock,Mississippi,0
28051,Holmes,Mississippi,0
28053,Humphreys,Mississippi,0
28059,Jackson,Mississippi,0
28067,Jones,Mississippi,0
28073,Lamar,Mississippi,0
23007,Franklin,Maine,0
13215,Muscogee,Georgia,0
13239,Quitman,Georgia,0
27077,Lake of the Woods,Minnesota,0
45031,Darlington,South Carolina,0
45035,Dorchester,South Carolina,0
45037,Edgefield,South Carolina,0
47011,Bradley,Tennessee,0
47017,Carroll,Tennessee,0
47021,Cheatham,Tennessee,0
47025,Claiborne,Tennessee,0
47033,Crockett,Tennessee,0
47035,Cumberland,Tennessee,0
47041,DeKalb,Tennessee,0
47047,Fayette,Tennessee,0
47049,Fentress,Tennessee,0
47059,Greene,Tennessee,0
47061,Grundy,Tennessee,0
27137,St. Louis,Minnesota,3
23015,Lincoln,Maine,0
23021,Piscataquis,Maine,0
23023,Sagadahoc,Maine,0
23031,York,Maine,0
28041,Greene,Mississippi,0
31149,Rock,Nebraska,0
31151,Saline,Nebraska,0
31155,Saunders,Nebraska,0
31161,Sheridan,Nebraska,0
31169,Thayer,Nebraska,0
31173,Thurston,Nebraska,0
31181,Webster,Nebraska,0
32005,Douglas,Nevada,0
32007,Elko,Nevada,0
32013,Humboldt,Nevada,0
32017,Lincoln,Nevada,0
32023,Nye,Nevada,0
23011,Kennebec,Maine,1
39105,Meigs,Ohio,0
39107,Mercer,Ohio,0
39117,Morrow,Ohio,0
39119,Muskingum,Ohio,0
39125,Paulding,Ohio,0
39129,Pickaway,Ohio,0
39133,Portage,Ohio,0
39135,Preble,Ohio,0
39139,Richland,Ohio,0
39141,Ross,Ohio,0
39149,Shelby,Ohio,0
39151,Stark,Ohio,1
39157,Tuscarawas,Ohio,0
39161,Van Wert,Ohio,0
47065,Hamilton,Tennessee,1
47067,Hancock,Tennessee,0
47071,Hardin,Tennessee,0
47077,Henderson,Tennessee,0
47083,Houston,Tennessee,0
47087,Jackson,Tennessee,0
47095,Lake,Tennessee,0
47101,Lewis,Tennessee,0
47107,McMinn,Tennessee,0
47109,McNairy,Tennessee,0
47111,Macon,Tennessee,0
47119,Maury,Tennessee,0
47125,Montgomery,Tennessee,0
47135,Perry,Tennessee,0
47137,Pickett,Tennessee,0
24011,Caroline,Maryland,0
24013,Carroll,Maryland,0
24021,Frederick,Maryland,1
24023,Garrett,Maryland,0
24031,Montgomery,Maryland,0
24033,Prince George's,Maryland,0
24043,Washington,Maryland,0
32031,Washoe,Nevada,0
32510,Carson City,Nevada,0
33003,Carroll,New Hampshire,0
33009,Grafton,New Hampshire,1
33015,Rockingham,New Hampshire,0
33019,Sullivan,New Hampshire,0
34003,Bergen,New Jersey,0
34009,Cape May,New Jersey,0
34013,Essex,New Jersey,1
39167,Washington,Ohio,0
39171,Williams,Ohio,0
39175,Wyandot,Ohio,0
40003,Alfalfa,Oklahoma,0
40011,Blaine,Oklahoma,0
40013,Bryan,Oklahoma,0
40017,Canadian,Oklahoma,0
40025,Cimarron,Oklahoma,0
40029,Coal,Oklahoma,0
40035,Craig,Oklahoma,0
40039,Custer,Oklahoma,0
40045,Ellis,Oklahoma,0
40049,Garvin,Oklahoma,0
40055,Greer,Oklahoma,0
37193,Wilkes,North Carolina,0
47141,Putnam,Tennessee,0
48045,Briscoe,Texas,0
48049,Brown,Texas,0
48055,Caldwell,Texas,0
48061,Cameron,Texas,0
48065,Carson,Texas,0
48067,Cass,Texas,0
48073,Cherokee,Texas,0
48077,Clay,Texas,0
48081,Coke,Texas,0
48085,Collin,Texas,0
48087,Collingsworth,Texas,0
48091,Comal,Texas,0
24047,Worcester,Maryland,0
25007,Dukes,Massachusetts,1
25013,Hampden,Massachusetts,1
25015,Hampshire,Massachusetts,0
25017,Middlesex,Massachusetts,1
34017,Hudson,New Jersey,0
34019,Hunterdon,New Jersey,0
34021,Mercer,New Jersey,0
34029,Ocean,New Jersey,0
34033,Salem,New Jersey,0
34035,Somerset,New Jersey,0
34041,Warren,New Jersey,0
35007,Colfax,New Mexico,0
30055,McCone,Montana,0
30057,Madison,Montana,0
37195,Wilson,North Carolina,0
37199,Yancey,North Carolina,0
38005,Benson,North Dakota,0
38009,Bottineau,North Dakota,0
38017,Cass,North Dakota,1
38027,Eddy,North Dakota,0
38029,Emmons,North Dakota,0
38037,Grant,North Dakota,0
38039,Griggs,North Dakota,0
38043,Kidder,North Dakota,0
38047,Logan,North Dakota,0
38053,McKenzie,North Dakota,0
38059,Morton,North Dakota,1
38063,Nelson,North Dakota,0
47001,Anderson,Tennessee,0
47003,Bedford,Tennessee,0
40065,Jackson,Oklahoma,0
40071,Kay,Oklahoma,0
40083,Logan,Oklahoma,0
40085,Love,Oklahoma,0
40091,McIntosh,Oklahoma,0
40099,Murray,Oklahoma,0
40101,Muskogee,Oklahoma,0
40107,Okfuskee,Oklahoma,0
40111,Okmulgee,Oklahoma,0
40117,Pawnee,Oklahoma,0
40119,Payne,Oklahoma,0
40125,Pottawatomie,Oklahoma,0
25021,Norfolk,Massachusetts,1
25023,Plymouth,Massachusetts,0
26003,Alger,Michigan,0
26005,Allegan,Michigan,0
26007,Alpena,Michigan,0
30063,Missoula,Montana,1
30065,Musselshell,Montana,0
30071,Phillips,Montana,0
30077,Powell,Montana,0
30083,Richland,Montana,0
30087,Rosebud,Montana,0
30091,Sheridan,Montana,0
30097,Sweet Grass,Montana,0
30101,Toole,Montana,0
38065,Oliver,North Dakota,0
38067,Pembina,North Dakota,0
38071,Ramsey,North Dakota,0
38075,Renville,North Dakota,0
38081,Sargent,North Dakota,0
38089,Stark,North Dakota,0
38093,Stutsman,North Dakota,0
38097,Traill,North Dakota,0
38101,Ward,North Dakota,1
39001,Adams,Ohio,0
39005,Ashland,Ohio,0
39011,Auglaize,Ohio,0
39013,Belmont,Ohio,0
39017,Butler,Ohio,0
39019,Carroll,Ohio,0
42003,Allegheny,Pennsylvania,1
42007,Beaver,Pennsylvania,0
48361,Orange,Texas,0
48369,Parmer,Texas,0
48383,Reagan,Texas,0
48385,Real,Texas,0
48387,Red River,Texas,0
48395,Robertson,Texas,0
48399,Runnels,Texas,0
48403,Sabine,Texas,0
48415,Scurry,Texas,0
48417,Shackelford,Texas,0
48419,Shelby,Texas,0
48423,Smith,Texas,0
48427,Starr,Texas,0
48431,Sterling,Texas,0
26017,Bay,Michigan,0
26019,Benzie,Michigan,0
26021,Berrien,Michigan,0
26027,Cass,Michigan,0
26031,Cheboygan,Michigan,0
26033,Chippewa,Michigan,1
30109,Wibaux,Montana,0
31007,Banner,Nebraska,0
31011,Boone,Nebraska,0
31013,Box Butte,Nebraska,0
31019,Buffalo,Nebraska,0
31025,Cass,Nebraska,0
31029,Chase,Nebraska,0
31033,Cheyenne,Nebraska,0
31039,Cuming,Nebraska,0
31045,Dawes,Nebraska,0
31051,Dixon,Nebraska,0
31057,Dundy,Nebraska,0
31071,Garfield,Nebraska,0
31075,Grant,Nebraska,0
39023,Clark,Ohio,1
39025,Clermont,Ohio,0
39029,Columbiana,Ohio,0
39033,Crawford,Ohio,0
39037,Darke,Ohio,0
39041,Delaware,Ohio,0
39043,Erie,Ohio,0
39049,Franklin,Ohio,1
35019,Guadalupe,New Mexico,0
35021,Harding,New Mexico,0
35025,Lea,New Mexico,0
35033,Mora,New Mexico,0
35039,Rio Arriba,New Mexico,0
47143,Rhea,Tennessee,0
47147,Robertson,Tennessee,0
47149,Rutherford,Tennessee,0
47155,Sevier,Tennessee,0
47161,Stewart,Tennessee,0
47167,Tipton,Tennessee,0
47175,Van Buren,Tennessee,0
47177,Warren,Tennessee,0
45055,Kershaw,South Carolina,0
45061,Lee,South Carolina,0
45065,McCormick,South Carolina,0
45071,Newberry,South Carolina,0
45073,Oconee,South Carolina,0
26041,Delta,Michigan,0
26043,Dickinson,Michigan,0
26047,Emmet,Michigan,0
26051,Gladwin,Michigan,0
26065,Ingham,Michigan,2
26069,Iosco,Michigan,0
17131,Mercer,Illinois,0
13191,McIntosh,Georgia,0
31079,Hall,Nebraska,0
31081,Hamilton,Nebraska,0
31083,Harlan,Nebraska,0
31087,Hitchcock,Nebraska,0
31099,Kearney,Nebraska,0
31101,Keith,Nebraska,0
31105,Kimball,Nebraska,0
31109,Lancaster,Nebraska,0
31115,Loup,Nebraska,0
31119,Madison,Nebraska,0
28091,Marion,Mississippi,0
28097,Montgomery,Mississippi,0
28101,Newton,Mississippi,0
28109,Pearl River,Mississippi,0
28119,Quitman,Mississippi,0
28121,Rankin,Mississippi,0
28129,Smith,Mississippi,0
35041,Roosevelt,New Mexico,0
35043,Sandoval,New Mexico,0
35049,Santa Fe,New Mexico,0
35057,Torrance,New Mexico,0
35061,Valencia,New Mexico,0
36007,Broome,New York,2
36011,Cayuga,New York,0
36013,Chautauqua,New York,0
36019,Clinton,New York,0
36027,Dutchess,New York,0
36033,Franklin,New York,0
36035,Fulton,New York,0
36039,Greene,New York,0
40131,Rogers,Oklahoma,0
40135,Sequoyah,Oklahoma,0
40137,Stephens,Oklahoma,0
40143,Tulsa,Oklahoma,1
40145,Wagoner,Oklahoma,0
40149,Washita,Oklahoma,0
41003,Benton,Oregon,0
41005,Clackamas,Oregon,0
41011,Coos,Oregon,0
41013,Crook,Oregon,0
41021,Gilliam,Oregon,0
41027,Hood River,Oregon,0
26075,Jackson,Michigan,0
26079,Kalkaska,Michigan,0
26081,Kent,Michigan,1
26087,Lapeer,Michigan,0
26093,Livingston,Michigan,0
26095,Luce,Michigan,0
26099,Macomb,Michigan,1
26101,Manistee,Michigan,0
26115,Monroe,Michigan,0
28137,Tate,Mississippi,0
28141,Tishomingo,Mississippi,0
28143,Tunica,Mississippi,0
28153,Wayne,Mississippi,0
28155,Webster,Mississippi,0
28157,Wilkinson,Mississippi,0
28163,Yazoo,Mississippi,0
29007,Audrain,Missouri,0
29017,Bollinger,Missouri,0
29023,Butler,Missouri,0
29029,Camden,Missouri,0
29035,Carter,Missouri,0
29041,Chariton,Missouri,0
29045,Clark,Missouri,0
36041,Hamilton,New York,0
36045,Jefferson,New York,0
36051,Livingston,New York,0
36055,Monroe,New York,0
36059,Nassau,New York,0
36063,Niagara,New York,0
36071,Orange,New York,0
36073,Orleans,New York,0
36075,Oswego,New York,0
48435,Sutton,Texas,0
48437,Swisher,Texas,0
48441,Taylor,Texas,1
48447,Throckmorton,Texas,0
48451,Tom Green,Texas,0
48453,Travis,Texas,2
48457,Tyler,Texas,0
48467,Van Zandt,Texas,0
48469,Victoria,Texas,0
48477,Washington,Texas,0
48483,Wheeler,Texas,0
48485,Wichita,Texas,0
48489,Willacy,Texas,0
48499,Wood,Texas,0
49001,Beaver,Utah,0
49007,Carbon,Utah,0
26071,Iron,Michigan,0
26125,Oakland,Michigan,0
26131,Ontonagon,Michigan,0
26135,Oscoda,Michigan,0
26145,Saginaw,Michigan,0
26147,St. Clair,Michigan,1
26157,Tuscola,Michigan,0
29047,Clay,Missouri,0
29051,Cole,Missouri,0
29055,Crawford,Missouri,0
29057,Dade,Missouri,0
29061,Daviess,Missouri,0
29067,Douglas,Missouri,0
29073,Gasconade,Missouri,0
29077,Greene,Missouri,0
29079,Grundy,Missouri,0
29087,Holt,Missouri,0
37011,Avery,North Carolina,0
37013,Beaufort,North Carolina,1
37019,Brunswick,North Carolina,0
37025,Cabarrus,North Carolina,0
13223,Paulding,Georgia,0
36081,Queens,New York,1
36087,Rockland,New York,0
36089,St. Lawrence,New York,0
36093,Schenectady,New York,0
36099,Seneca,New York,0
36103,Suffolk,New York,1
36107,Tioga,New York,0
36117,Wayne,New York,0
42017,Bucks,Pennsylvania,0
42023,Cameron,Pennsylvania,0
45079,Richland,South Carolina,0
45083,Spartanburg,South Carolina,0
45085,Sumter,South Carolina,0
45089,Williamsburg,South Carolina,0
46005,Beadle,South Dakota,0
46011,Brookings,South Dakota,0
46019,Butte,South Dakota,0
46023,Charles Mix,South Dakota,0
46033,Custer,South Dakota,0
46039,Deuel,South Dakota,0
46041,Dewey,South Dakota,0
46045,Edmunds,South Dakota,0
46051,Grant,South Dakota,0
46059,Hand,South Dakota,0
26159,Van Buren,Michigan,0
26163,Wayne,Michigan,2
27001,Aitkin,Minnesota,0
27003,Anoka,Minnesota,0
27011,Big Stone,Minnesota,0
27017,Carlton,Minnesota,0
27025,Chisago,Minnesota,0
27035,Crow Wing,Minnesota,0
27037,Dakota,Minnesota,0
27041,Douglas,Minnesota,0
27043,Faribault,Minnesota,0
27045,Fillmore,Minnesota,0
27053,Hennepin,Minnesota,5
27059,Isanti,Minnesota,0
37035,Catawba,North Carolina,7
37037,Chatham,North Carolina,0
37039,Cherokee,North Carolina,0
37041,Chowan,North Carolina,0
37047,Columbus,North Carolina,0
37059,Davie,North Carolina,0
37061,Duplin,North Carolina,0
37065,Edgecombe,North Carolina,2
37069,Franklin,North Carolina,0
37071,Gaston,North Carolina,0
37075,Graham,North Carolina,0
37077,Granville,North Carolina,0
37083,Halifax,North Carolina,0
37087,Haywood,North Carolina,1
42027,Centre,Pennsylvania,0
42029,Chester,Pennsylvania,0
42033,Clearfield,Pennsylvania,0
42039,Crawford,Pennsylvania,0
42045,Delaware,Pennsylvania,0
42049,Erie,Pennsylvania,0
42051,Fayette,Pennsylvania,0
42055,Franklin,Pennsylvania,0
42061,Huntingdon,Pennsylvania,0
42067,Juniata,Pennsylvania,0
42073,Lawrence,Pennsylvania,0
42079,Luzerne,Pennsylvania,0
41029,Jackson,Oregon,2
41033,Josephine,Oregon,0
41039,Lane,Oregon,2
41043,Linn,Oregon,0
41049,Morrow,Oregon,0
41051,Multnomah,Oregon,4
41059,Umatilla,Oregon,0
41065,Wasco,Oregon,0
41071,Yamhill,Oregon,0
27063,Jackson,Minnesota,0
27065,Kanabec,Minnesota,0
27069,Kittson,Minnesota,0
29105,Laclede,Missouri,0
29111,Lewis,Missouri,0
29119,McDonald,Missouri,0
29125,Maries,Missouri,0
29129,Mercer,Missouri,0
29139,Montgomery,Missouri,0
29141,Morgan,Missouri,0
29147,Nodaway,Missouri,0
29153,Ozark,Missouri,0
29157,Perry,Missouri,0
29161,Phelps,Missouri,0
29167,Polk,Missouri,0
37095,Hyde,North Carolina,0
37099,Jackson,North Carolina,0
37105,Lee,North Carolina,0
37111,McDowell,North Carolina,0
37115,Madison,North Carolina,0
37121,Mitchell,North Carolina,0
37129,New Hanover,North Carolina,1
37135,Orange,North Carolina,1
37139,Pasquotank,North Carolina,0
37143,Perquimans,North Carolina,0
37147,Pitt,North Carolina,1
37153,Richmond,North Carolina,0
42085,Mercer,Pennsylvania,0
42089,Monroe,Pennsylvania,0
42095,Northampton,Pennsylvania,0
42101,Philadelphia,Pennsylvania,3
42109,Snyder,Pennsylvania,0
42111,Somerset,Pennsylvania,0
42115,Susquehanna,Pennsylvania,0
42119,Union,Pennsylvania,0
42121,Venango,Pennsylvania,0
42125,Washington,Pennsylvania,0
42133,York,Pennsylvania,1
49009,Daggett,Utah,0
49013,Duchesne,Utah,0
49019,Grand,Utah,0
49023,Juab,Utah,0
48001,Anderson,Texas,0
48013,Atascosa,Texas,0
48015,Austin,Texas,0
48017,Bailey,Texas,0
48023,Baylor,Texas,0
48025,Bee,Texas,0
48029,Bexar,Texas,0
48033,Borden,Texas,0
48035,Bosque,Texas,0
48039,Brazoria,Texas,0
29171,Putnam,Missouri,0
29175,Randolph,Missouri,0
29177,Ray,Missouri,0
29181,Ripley,Missouri,0
29186,Ste. Genevieve,Missouri,0
29187,St. Francois,Missouri,0
29197,Schuyler,Missouri,0
29203,Shannon,Missouri,0
29207,Stoddard,Missouri,0
29213,Taney,Missouri,0
29219,Warren,Missouri,0
29225,Webster,Missouri,0
29510,St. Louis,Missouri,2
30003,Big Horn,Montana,0
37159,Rowan,North Carolina,0
37163,Sampson,North Carolina,0
37169,Stokes,North Carolina,0
37175,Transylvania,North Carolina,0
39061,Hamilton,Ohio,1
39071,Highland,Ohio,0
39077,Huron,Ohio,0
39081,Jefferson,Ohio,0
39087,Lawrence,Ohio,0
39093,Lorain,Ohio,1
39099,Mahoning,Ohio,0
39101,Marion,Ohio,0
44001,Bristol,Rhode Island,0
44003,Kent,Rhode Island,0
44005,Newport,Rhode Island,0
45001,Abbeville,South Carolina,0
45003,Aiken,South Carolina,0
45007,Anderson,South Carolina,0
45017,Calhoun,South Carolina,0
45023,Chester,South Carolina,0
45025,Chesterfield,South Carolina,0
46063,Harding,South Dakota,0
46065,Hughes,South Dakota,0
46069,Hyde,South Dakota,0
46075,Jones,South Dakota,0
46079,Lake,South Dakota,0
46085,Lyman,South Dakota,0
46093,Meade,South Dakota,0
46097,Miner,South Dakota,0
46101,Moody,South Dakota,0
46113,Shannon,South Dakota,0
46115,Spink,South Dakota,0
46117,Stanley,South Dakota,0
46121,Todd,South Dakota,0
46127,Union,South Dakota,0
30005,Blaine,Montana,1
30009,Carbon,Montana,0
30015,Chouteau,Montana,0
30019,Daniels,Montana,0
30023,Deer Lodge,Montana,0
30029,Flathead,Montana,1
30035,Glacier,Montana,0
30041,Hill,Montana,0
31129,Nuckolls,Nebraska,0
31133,Pawnee,Nebraska,0
31141,Platte,Nebraska,0
19007,Appanoose,Iowa,0
19011,Benton,Iowa,0
19015,Boone,Iowa,0
19019,Buchanan,Iowa,0
19023,Butler,Iowa,0
19027,Carroll,Iowa,0
19033,Cerro Gordo,Iowa,0
17081,Jefferson,Illinois,0
17091,Kankakee,Illinois,0
17093,Kendall,Illinois,0
17099,LaSalle,Illinois,1
17101,Lawrence,Illinois,0
17105,Livingston,Illinois,0
17109,McDonough,Illinois,0
17111,McHenry,Illinois,0
17117,Macoupin,Illinois,0
17125,Mason,Illinois,0
17127,Massac,Illinois,0
13185,Lowndes,Georgia,0
13189,McDuffie,Georgia,0
13195,Madison,Georgia,0
13199,Meriwether,Georgia,0
13205,Mitchell,Georgia,0
13209,Montgomery,Georgia,0
13213,Murray,Georgia,0
13221,Oglethorpe,Georgia,0
13229,Pierce,Georgia,0
13231,Pike,Georgia,0
13235,Pulaski,Georgia,0
13241,Rabun,Georgia,0
13247,Rockdale,Georgia,0
13255,Spalding,Georgia,0
13257,Stephens,Georgia,0
13267,Tattnall,Georgia,0
13269,Taylor,Georgia,0
20183,Smith,Kansas,0
20187,Stanton,Kansas,0
20189,Stevens,Kansas,0
20197,Wabaunsee,Kansas,0
20207,Woodson,Kansas,0
21191,Pendleton,Kentucky,1
21193,Perry,Kentucky,0
21201,Robertson,Kentucky,0
21205,Rowan,Kentucky,0
21207,Russell,Kentucky,1
21217,Taylor,Kentucky,0
21221,Trigg,Kentucky,0
21231,Wayne,Kentucky,0
21233,Webster,Kentucky,0
21237,Wolfe,Kentucky,0
21239,Woodford,Kentucky,0
22005,Ascension,Louisiana,0
22091,St. Helena,Louisiana,0
22093,St. James,Louisiana,0
22097,St. Landry,Louisiana,0
22099,St. Martin,Louisiana,0
22103,St. Tammany,Louisiana,0
22113,Vermilion,Louisiana,0
22117,Washington,Louisiana,0
21011,Bath,Kentucky,1
21013,Bell,Kentucky,0
21015,Boone,Kentucky,0
21027,Breckinridge,Kentucky,0
21029,Bullitt,Kentucky,0
17133,Monroe,Illinois,0
17137,Morgan,Illinois,0
17141,Ogle,Illinois,0
17143,Peoria,Illinois,0
17147,Piatt,Illinois,0
17153,Pulaski,Illinois,0
17159,Richland,Illinois,0
17165,Saline,Illinois,0
17167,Sangamon,Illinois,1
17177,Stephenson,Illinois,0
17183,Vermilion,Illinois,0
17191,Wayne,Illinois,0
17195,Whiteside,Illinois,0
17197,Will,Illinois,0
18001,Adams,Indiana,0
13275,Thomas,Georgia,0
13279,Toombs,Georgia,0
13281,Towns,Georgia,0
13289,Twiggs,Georgia,0
13295,Walker,Georgia,0
13301,Warren,Georgia,0
20035,Cowley,Kansas,0
20041,Dickinson,Kansas,0
20047,Edwards,Kansas,0
20051,Ellis,Kansas,0
20053,Ellsworth,Kansas,0
20057,Ford,Kansas,0
20063,Gove,Kansas,0
20073,Greenwood,Kansas,0
20077,Harper,Kansas,0
20079,Harvey,Kansas,0
20087,Jefferson,Kansas,0
22011,Beauregard,Louisiana,0
22015,Bossier,Louisiana,0
22017,Caddo,Louisiana,1
22023,Cameron,Louisiana,0
22031,De Soto,Louisiana,0
22035,East Carroll,Louisiana,0
22041,Franklin,Louisiana,0
22043,Grant,Louisiana,0
22049,Jackson,Louisiana,0
22051,Jefferson,Louisiana,0
22055,Lafayette,Louisiana,0
21035,Calloway,Kentucky,0
21039,Carlisle,Kentucky,0
21041,Carroll,Kentucky,0
21045,Casey,Kentucky,0
21057,Cumberland,Kentucky,0
21065,Estill,Kentucky,1
21067,Fayette,Kentucky,0
21071,Floyd,Kentucky,0
21079,Garrard,Kentucky,0
21083,Graves,Kentucky,1
21085,Grayson,Kentucky,0
21091,Hancock,Kentucky,0
21097,Harrison,Kentucky,1
21101,Henderson,Kentucky,0
21107,Hopkins,Kentucky,1
48267,Kimble,Texas,0
48271,Kinney,Texas,0
48277,Lamar,Texas,0
48281,Lampasas,Texas,0
48285,Lavaca,Texas,0
48287,Lee,Texas,0
48291,Liberty,Texas,0
48293,Limestone,Texas,0
48295,Lipscomb,Texas,0
48301,Loving,Texas,0
48305,Lynn,Texas,0
48307,McCulloch,Texas,0
48317,Martin,Texas,0
48323,Maverick,Texas,0
48327,Menard,Texas,0
48331,Milam,Texas,0
48333,Mills,Texas,0
51800,Suffolk,Virginia,0
51810,Virginia Beach,Virginia,0
51840,Winchester,Virginia,0
53001,Adams,Washington,0
53003,Asotin,Washington,0
53005,Benton,Washington,0
53015,Cowlitz,Washington,1
53017,Douglas,Washington,0
53019,Ferry,Washington,0
53023,Garfield,Washington,0
53025,Grant,Washington,1
51600,Fairfax,Virginia,0
55101,Racine,Wisconsin,0
55107,Rusk,Wisconsin,0
55111,Sauk,Wisconsin,0
55113,Sawyer,Wisconsin,0
55119,Taylor,Wisconsin,0
55123,Vernon,Wisconsin,0
55125,Vilas,Wisconsin,0
55133,Waukesha,Wisconsin,0
55139,Winnebago,Wisconsin,0
56003,Big Horn,Wyoming,0
56009,Converse,Wyoming,0
56017,Hot Springs,Wyoming,0
56019,Johnson,Wyoming,0
54023,Grant,West Virginia,0
54025,Greenbrier,West Virginia,1
54027,Hampshire,West Virginia,0
54033,Harrison,West Virginia,0
54037,Jefferson,West Virginia,0
54045,Logan,West Virginia,0
54051,Marshall,West Virginia,0
54053,Mason,West Virginia,0
54059,Mingo,West Virginia,0
54065,Morgan,West Virginia,0
54069,Ohio,West Virginia,1
54075,Pocahontas,West Virginia,0
48341,Moore,Texas,0
54083,Randolph,West Virginia,0
54087,Roane,West Virginia,0
54091,Taylor,West Virginia,0
54093,Tucker,West Virginia,0
54097,Upshur,West Virginia,0
54099,Wayne,West Virginia,0
54103,Wetzel,West Virginia,0
54105,Wirt,West Virginia,0
54107,Wood,West Virginia,0
55011,Buffalo,Wisconsin,0
55013,Burnett,Wisconsin,0
55019,Clark,Wisconsin,0
55021,Columbia,Wisconsin,0
55023,Crawford,Wisconsin,0
53029,Island,Washington,1
49039,Sanpete,Utah,0
49043,Summit,Utah,0
49045,Tooele,Utah,0
49049,Utah,Utah,0
49057,Weber,Utah,0
50003,Bennington,Vermont,1
50007,Chittenden,Vermont,0
50011,Franklin,Vermont,0
50015,Lamoille,Vermont,0
50021,Rutland,Vermont,0
56023,Lincoln,Wyoming,0
51005,Alleghany,Virginia,0
51011,Appomattox,Virginia,0
51013,Arlington,Virginia,0
51015,Augusta,Virginia,0
51019,Bedford,Virginia,0
51025,Brunswick,Virginia,0
51031,Campbell,Virginia,0
51033,Caroline,Virginia,0
51036,Charles City,Virginia,0
51045,Craig,Virginia,0
51049,Cumberland,Virginia,0
51051,Dickenson,Virginia,0
54081,Raleigh,West Virginia,0
51061,Fauquier,Virginia,0
51067,Franklin,Virginia,0
51069,Frederick,Virginia,0
51073,Gloucester,Virginia,0
51081,Greensville,Virginia,0
51085,Hanover,Virginia,0
51091,Highland,Virginia,0
51095,James City,Virginia,0
51103,Lancaster,Virginia,0
49037,San Juan,Utah,0
51119,Middlesex,Virginia,0
50025,Windham,Vermont,1
53037,Kittitas,Washington,2
53039,Klickitat,Washington,0
53059,Skamania,Washington,0
53075,Whitman,Washington,0
54017,Doddridge,West Virginia,0
54029,Hancock,West Virginia,0
54043,Lincoln,West Virginia,0
54055,Mercer,West Virginia,0
54073,Pleasants,West Virginia,0
54085,Ritchie,West Virginia,0
54095,Tyler,West Virginia,0
51057,Essex,Virginia,0
51115,Mathews,Virginia,0
22095,St. John the Baptist,Louisiana,0
22111,Union,Louisiana,0
21001,Adair,Kentucky,1
21005,Anderson,Kentucky,0
21007,Ballard,Kentucky,0
21019,Boyd,Kentucky,1
21037,Campbell,Kentucky,1
21049,Clark,Kentucky,1
21061,Edmonson,Kentucky,0
21069,Fleming,Kentucky,0
21081,Grant,Kentucky,1
21093,Hardin,Kentucky,0
21109,Jackson,Kentucky,0
21125,Laurel,Kentucky,0
21131,Leslie,Kentucky,0
40037,Creek,Oklahoma,0
40047,Garfield,Oklahoma,0
37183,Wake,North Carolina,1
37187,Washington,North Carolina,0
38003,Barnes,North Dakota,0
38013,Burke,North Dakota,0
38025,Dunn,North Dakota,0
38041,Hettinger,North Dakota,0
38055,McLean,North Dakota,0
38069,Pierce,North Dakota,0
38087,Slope,North Dakota,0
38095,Towner,North Dakota,0
39009,Athens,Ohio,0
39021,Champaign,Ohio,0
54109,Wyoming,West Virginia,0
55015,Calumet,Wisconsin,0
55027,Dodge,Wisconsin,0
49027,Millard,Utah,0
49033,Rich,Utah,0
49041,Sevier,Utah,0
49055,Wayne,Utah,0
50013,Grand Isle,Vermont,0
51003,Albemarle,Virginia,0
51009,Amherst,Virginia,0
51023,Botetourt,Virginia,0
51035,Carroll,Virginia,0
51053,Dinwiddie,Virginia,0
51065,Fluvanna,Virginia,0
1003,Baldwin,Alabama,0
1027,Clay,Alabama,0
1041,Crenshaw,Alabama,0
1057,Fayette,Alabama,0
1073,Jefferson,Alabama,0
1091,Marengo,Alabama,0
1103,Morgan,Alabama,0
1115,St. Clair,Alabama,0
1129,Washington,Alabama,0
21147,McCreary,Kentucky,0
21165,Menifee,Kentucky,0
21181,Nicholas,Kentucky,0
19041,Clay,Iowa,0
19043,Clayton,Iowa,0
19049,Dallas,Iowa,0
19057,Des Moines,Iowa,0
19073,Greene,Iowa,0
19081,Hancock,Iowa,0
19091,Humboldt,Iowa,0
19099,Jasper,Iowa,0
19115,Louisa,Iowa,0
19131,Mitchell,Iowa,0
19147,Palo Alto,Iowa,0
19157,Poweshiek,Iowa,0
19165,Shelby,Iowa,0
19179,Wapello,Iowa,0
19187,Webster,Iowa,0
19197,Wright,Iowa,0
39031,Coshocton,Ohio,0
39045,Fairfield,Ohio,0
35013,Do¤a Ana,New Mexico,0
35017,Grant,New Mexico,0
35037,Quay,New Mexico,0
35059,Union,New Mexico,0
36017,Chenango,New York,1
36031,Essex,New York,0
36049,Lewis,New York,0
36065,Oneida,New York,0
36077,Otsego,New York,0
51079,Greene,Virginia,0
12129,Wakulla,Florida,0
13011,Banks,Georgia,0
13019,Berrien,Georgia,0
13027,Brooks,Georgia,0
13033,Burke,Georgia,0
13039,Camden,Georgia,0
13051,Chatham,Georgia,0
13061,Clay,Georgia,0
5149,Yell,Arkansas,0
6011,Colusa,California,0
6027,Inyo,California,0
6047,Merced,California,0
6063,Plumas,California,1
6077,San Joaquin,California,0
6091,Sierra,California,1
6107,Tulare,California,0
8011,Bent,Colorado,0
8019,Clear Creek,Colorado,0
8027,Custer,Colorado,0
20013,Brown,Kansas,0
20023,Cheyenne,Kansas,0
27071,Koochiching,Minnesota,0
27079,Le Sueur,Minnesota,0
27087,Mahnomen,Minnesota,0
27101,Murray,Minnesota,0
27107,Norman,Minnesota,0
27125,Red Lake,Minnesota,0
27131,Rice,Minnesota,0
27143,Sibley,Minnesota,0
27159,Wadena,Minnesota,0
27169,Winona,Minnesota,1
28007,Attala,Mississippi,0
28023,Clarke,Mississippi,0
28035,Forrest,Mississippi,0
28043,Grenada,Mississippi,0
36091,Saratoga,New York,0
36101,Steuben,New York,0
36113,Warren,New York,0
42011,Berks,Pennsylvania,0
42019,Butler,Pennsylvania,0
42025,Carbon,Pennsylvania,0
42037,Columbia,Pennsylvania,0
42053,Forest,Pennsylvania,0
42057,Fulton,Pennsylvania,0
42075,Lebanon,Pennsylvania,0
42081,Lycoming,Pennsylvania,0
42099,Perry,Pennsylvania,0
42117,Tioga,Pennsylvania,0
42131,Wyoming,Pennsylvania,0
1005,Barbour,Alabama,0
1013,Butler,Alabama,0
1019,Cherokee,Alabama,0
6041,Marin,California,1
6053,Monterey,California,1
6061,Placer,California,0
8041,El Paso,Colorado,0
8049,Grand,Colorado,0
12085,Martin,Florida,0
12093,Okeechobee,Florida,0
12105,Polk,Florida,0
12121,Suwannee,Florida,0
12133,Washington,Florida,0
13007,Baker,Georgia,0
13021,Bibb,Georgia,0
13035,Butts,Georgia,0
13047,Catoosa,Georgia,0
13065,Clinch,Georgia,0
13075,Cook,Georgia,0
28057,Itawamba,Mississippi,0
28069,Kemper,Mississippi,0
22119,Webster,Louisiana,0
22125,West Feliciana,Louisiana,0
23017,Oxford,Maine,0
24015,Cecil,Maryland,1
24027,Howard,Maryland,0
25001,Barnstable,Massachusetts,4
25003,Berkshire,Massachusetts,0
25027,Worcester,Massachusetts,1
26025,Calhoun,Michigan,0
26039,Crawford,Michigan,0
26049,Genesee,Michigan,1
44007,Providence,Rhode Island,2
45021,Cherokee,South Carolina,0
45033,Dillon,South Carolina,0
45045,Greenville,South Carolina,1
47009,Blount,Tennessee,0
47019,Carter,Tennessee,0
47037,Davidson,Tennessee,0
47051,Franklin,Tennessee,0
47063,Hamblen,Tennessee,0
47075,Haywood,Tennessee,0
47085,Humphreys,Tennessee,0
47099,Lawrence,Tennessee,0
47113,Madison,Tennessee,0
47127,Moore,Tennessee,0
6019,Fresno,California,1
6023,Humboldt,California,1
6035,Lassen,California,0
6037,Los Angeles,California,6
13085,Dawson,Georgia,0
13099,Early,Georgia,0
13117,Forsyth,Georgia,0
8051,Gunnison,Colorado,0
8055,Huerfano,Colorado,0
8065,Lake,Colorado,0
8079,Mineral,Colorado,0
8089,Otero,Colorado,0
8101,Pueblo,Colorado,2
8117,Summit,Colorado,0
9005,Litchfield,Connecticut,0
12007,Bradford,Florida,0
12019,Clay,Florida,0
12027,DeSoto,Florida,0
12035,Flagler,Florida,0
26059,Hillsdale,Michigan,0
26063,Huron,Michigan,0
26113,Missaukee,Michigan,0
26119,Montmorency,Michigan,0
26129,Ogemaw,Michigan,1
26137,Otsego,Michigan,0
26149,St. Joseph,Michigan,0
27005,Becker,Minnesota,0
27013,Blue Earth,Minnesota,1
27023,Chippewa,Minnesota,0
27033,Cottonwood,Minnesota,0
27047,Freeborn,Minnesota,0
27061,Itasca,Minnesota,0
29095,Jackson,Missouri,0
47133,Overton,Tennessee,0
47145,Roane,Tennessee,0
47159,Smith,Tennessee,0
47165,Sumner,Tennessee,0
45047,Greenwood,South Carolina,0
45051,Horry,South Carolina,0
45059,Laurens,South Carolina,0
45069,Marlboro,South Carolina,0
45087,Union,South Carolina,0
46015,Brule,South Dakota,0
46025,Clark,South Dakota,0
46037,Day,South Dakota,0
46049,Faulk,South Dakota,0
46057,Hamlin,South Dakota,0
46067,Hutchinson,South Dakota,0
46077,Kingsbury,South Dakota,0
51097,King and Queen,Virginia,0
51109,Louisa,Virginia,0
1035,Conecuh,Alabama,0
1039,Covington,Alabama,0
1049,DeKalb,Alabama,0
1053,Escambia,Alabama,0
1063,Greene,Alabama,0
1069,Houston,Alabama,0
1075,Lamar,Alabama,0
1077,Lauderdale,Alabama,0
12047,Hamilton,Florida,0
12067,Lafayette,Florida,0
12077,Liberty,Florida,0
4001,Apache,Arizona,0
4007,Gila,Arizona,0
4019,Pima,Arizona,3
5011,Bradley,Arkansas,0
5023,Cleburne,Arkansas,0
5037,Cross,Arkansas,0
5039,Dallas,Arkansas,0
5055,Greene,Arkansas,0
5065,Izard,Arkansas,0
5079,Lincoln,Arkansas,0
29099,Jefferson,Missouri,0
29115,Linn,Missouri,0
29121,Macon,Missouri,0
29135,Moniteau,Missouri,0
29145,Newton,Missouri,0
29163,Pike,Missouri,0
29173,Ralls,Missouri,0
29185,St. Clair,Missouri,0
29201,Scott,Missouri,0
29215,Texas,Missouri,0
29223,Wayne,Missouri,0
30007,Broadwater,Montana,0
30021,Dawson,Montana,0
30031,Gallatin,Montana,0
46091,Marshall,South Dakota,0
46107,Potter,South Dakota,0
46119,Sully,South Dakota,0
46129,Walworth,South Dakota,0
40057,Harmon,Oklahoma,0
40061,Haskell,Oklahoma,0
40069,Johnston,Oklahoma,0
40075,Kiowa,Oklahoma,0
40093,Major,Oklahoma,0
40103,Noble,Oklahoma,0
40115,Ottawa,Oklahoma,0
40133,Seminole,Oklahoma,0
40141,Tillman,Oklahoma,0
41009,Columbia,Oregon,0
6067,Sacramento,California,1
6071,San Bernardino,California,0
6111,Ventura,California,1
8005,Arapahoe,Colorado,1
5109,Pike,Arkansas,0
5117,Prairie,Arkansas,0
5135,Sharp,Arkansas,0
13307,Webster,Georgia,0
13311,White,Georgia,0
13315,Wilcox,Georgia,0
16005,Bannock,Idaho,0
16027,Canyon,Idaho,0
16039,Elmore,Idaho,0
16063,Lincoln,Idaho,0
16075,Payette,Idaho,0
17001,Adams,Illinois,0
17017,Cass,Illinois,0
30047,Lake,Montana,1
31123,Morrill,Nebraska,0
31127,Nemaha,Nebraska,0
31143,Polk,Nebraska,0
31153,Sarpy,Nebraska,0
31167,Stanton,Nebraska,0
31179,Wayne,Nebraska,0
31185,York,Nebraska,0
32011,Eureka,Nevada,0
32027,Pershing,Nevada,0
33005,Cheshire,New Hampshire,1
33017,Strafford,New Hampshire,1
34027,Morris,New Jersey,0
34037,Sussex,New Jersey,0
41023,Grant,Oregon,0
41047,Marion,Oregon,0
41061,Union,Oregon,0
42009,Bedford,Pennsylvania,0
48355,Nueces,Texas,0
48363,Palo Pinto,Texas,0
48373,Polk,Texas,0
48389,Reeves,Texas,0
48405,San Augustine,Texas,0
48413,Schleicher,Texas,0
48421,Sherman,Texas,0
48439,Tarrant,Texas,1
48455,Trinity,Texas,0
48471,Walker,Texas,0
13083,Dade,Georgia,0
13089,DeKalb,Georgia,0
13097,Douglas,Georgia,0
13105,Elbert,Georgia,0
13111,Fannin,Georgia,0
13121,Fulton,Georgia,2
8067,La Plata,Colorado,0
8071,Las Animas,Colorado,0
5095,Monroe,Arkansas,0
17025,Clay,Illinois,0
17039,De Witt,Illinois,0
17045,Edgar,Illinois,0
17061,Greene,Illinois,0
17069,Hardin,Illinois,0
18049,Fulton,Indiana,0
18053,Grant,Indiana,0
18063,Hendricks,Indiana,0
18075,Jay,Indiana,0
18093,Lawrence,Indiana,0
18099,Marshall,Indiana,0
18113,Noble,Indiana,0
18119,Owen,Indiana,0
18133,Putnam,Indiana,0
18145,Shelby,Indiana,0
18157,Tippecanoe,Indiana,1
35011,De Baca,New Mexico,0
30049,Lewis and Clark,Montana,0
30053,Lincoln,Montana,0
30075,Powder River,Montana,0
30085,Roosevelt,Montana,0
31001,Adams,Nebraska,0
31005,Arthur,Nebraska,0
31017,Brown,Nebraska,0
31027,Cedar,Nebraska,0
31041,Custer,Nebraska,0
31059,Fillmore,Nebraska,0
31069,Garden,Nebraska,0
31077,Greeley,Nebraska,0
31089,Holt,Nebraska,0
48481,Wharton,Texas,0
48493,Wilson,Texas,0
48503,Young,Texas,0
49005,Cache,Utah,0
49017,Garfield,Utah,0
47183,Weakley,Tennessee,0
47187,Williamson,Tennessee,0
48003,Andrews,Texas,0
48019,Bandera,Texas,0
48027,Bell,Texas,0
48041,Brazos,Texas,0
48059,Callahan,Texas,0
48075,Childress,Texas,0
48083,Coleman,Texas,0
48089,Colorado,Texas,0
6001,Alameda,California,5
1105,Perry,Alabama,0
1111,Randolph,Alabama,0
1113,Russell,Alabama,0
1123,Tallapoosa,Alabama,0
18165,Vermillion,Indiana,0
19003,Adams,Iowa,0
19013,Black Hawk,Iowa,0
19025,Calhoun,Iowa,0
19035,Cherokee,Iowa,0
17071,Henderson,Illinois,0
17075,Iroquois,Illinois,0
17087,Johnson,Illinois,0
17095,Knox,Illinois,0
17113,McLean,Illinois,0
17123,Marshall,Illinois,0
17135,Montgomery,Illinois,0
17151,Pope,Illinois,0
17163,St. Clair,Illinois,0
17187,Warren,Illinois,0
17199,Williamson,Illinois,0
31107,Knox,Nebraska,0
28077,Lawrence,Mississippi,0
28081,Lee,Mississippi,0
28085,Lincoln,Mississippi,0
28087,Lowndes,Mississippi,0
28107,Panola,Mississippi,0
28123,Scott,Mississippi,0
28133,Sunflower,Mississippi,0
28145,Union,Mississippi,0
28159,Winston,Mississippi,0
29003,Andrew,Missouri,0
29015,Benton,Missouri,0
29027,Callaway,Missouri,0
29039,Cedar,Missouri,0
29049,Clinton,Missouri,0
29059,Dallas,Missouri,0
29071,Franklin,Missouri,0
48107,Crosby,Texas,0
48119,Delta,Texas,0
48131,Duval,Texas,0
48143,Erath,Texas,0
48153,Floyd,Texas,0
48163,Frio,Texas,0
48171,Gillespie,Texas,0
48173,Glasscock,Texas,0
48175,Goliad,Texas,0
48183,Gregg,Texas,0
48187,Guadalupe,Texas,0
48205,Hartley,Texas,0
48209,Hays,Texas,0
48219,Hockley,Texas,0
48231,Hunt,Texas,0
48241,Jasper,Texas,0
48255,Karnes,Texas,0
48269,King,Texas,0
48279,Lamb,Texas,0
48289,Leon,Texas,0
8033,Dolores,Colorado,0
8039,Elbert,Colorado,0
8045,Garfield,Colorado,0
6079,San Luis Obispo,California,1
6093,Siskiyou,California,0
6097,Sonoma,California,1
6105,Trinity,California,0
6017,El Dorado,California,1
18005,Bartholomew,Indiana,0
18017,Cass,Indiana,0
18027,Daviess,Indiana,0
18041,Fayette,Indiana,1
18043,Floyd,Indiana,0
13127,Glynn,Georgia,0
13133,Greene,Georgia,0
13143,Haralson,Georgia,0
13153,Houston,Georgia,0
13163,Jefferson,Georgia,0
13183,Long,Georgia,0
13193,Macon,Georgia,0
13207,Monroe,Georgia,0
13219,Oconee,Georgia,0
13227,Pickens,Georgia,0
13237,Putnam,Georgia,0
13249,Schley,Georgia,0
29083,Henry,Missouri,0
29093,Iron,Missouri,0
37003,Alexander,North Carolina,0
37007,Anson,North Carolina,0
37009,Ashe,North Carolina,0
37033,Caswell,North Carolina,0
37045,Cleveland,North Carolina,0
37063,Durham,North Carolina,1
37073,Gates,North Carolina,0
37085,Harnett,North Carolina,0
37097,Iredell,North Carolina,0
37109,Lincoln,North Carolina,0
37123,Montgomery,North Carolina,0
37133,Onslow,North Carolina,0
37145,Person,North Carolina,0
48299,Llano,Texas,0
48313,Madison,Texas,0
48325,Medina,Texas,0
48335,Mitchell,Texas,0
48343,Morris,Texas,0
51127,New Kent,Virginia,0
51133,Northumberland,Virginia,0
51167,Russell,Virginia,0
51179,Stafford,Virginia,0
51515,Bedford,Virginia,0
51590,Danville,Virginia,0
51620,Franklin,Virginia,0
51680,Lynchburg,Virginia,0
51720,Norton,Virginia,0
51740,Portsmouth,Virginia,0
51830,Williamsburg,Virginia,0
12086,Miami-Dade,Florida,2
12103,Pinellas,Florida,0
12123,Taylor,Florida,0
13259,Stewart,Georgia,0
13271,Telfair,Georgia,0
13283,Treutlen,Georgia,0
13297,Walton,Georgia,0
20025,Clark,Kansas,0
20031,Coffey,Kansas,0
20033,Comanche,Kansas,0
20045,Douglas,Kansas,0
20055,Finney,Kansas,0
20069,Gray,Kansas,0
20081,Haskell,Kansas,0
20093,Kearny,Kansas,0
20101,Lane,Kansas,0
20111,Lyon,Kansas,0
20123,Mitchell,Kansas,0
20133,Neosho,Kansas,0
20139,Osage,Kansas,0
20151,Pratt,Kansas,0
20159,Rice,Kansas,0
20169,Saline,Kansas,0
37157,Rockingham,North Carolina,0
37173,Swain,North Carolina,0
37179,Union,North Carolina,0
39059,Guernsey,Ohio,0
39069,Henry,Ohio,0
39083,Knox,Ohio,0
39091,Logan,Ohio,0
39103,Medina,Ohio,0
39115,Morgan,Ohio,0
39127,Perry,Ohio,0
39137,Putnam,Ohio,0
39153,Summit,Ohio,0
39165,Warren,Ohio,0
40005,Atoka,Oklahoma,0
40015,Caddo,Oklahoma,0
40027,Cleveland,Oklahoma,0
53011,Clark,Washington,1
53035,Kitsap,Washington,2
55053,Jackson,Wisconsin,0
55067,Langlade,Wisconsin,0
55078,Menominee,Wisconsin,0
55087,Outagamie,Wisconsin,1
55099,Price,Wisconsin,0
55109,St. Croix,Wisconsin,0
55121,Trempealeau,Wisconsin,0
55135,Waupaca,Wisconsin,0
56005,Campbell,Wyoming,0
56015,Goshen,Wyoming,0
56041,Uinta,Wyoming,0
1127,Walker,Alabama,0
1133,Winston,Alabama,0
20179,Sheridan,Kansas,0
20191,Sumner,Kansas,0
20209,Wyandotte,Kansas,0
21185,Oldham,Kentucky,0
21197,Powell,Kentucky,0
21203,Rockcastle,Kentucky,0
21215,Spencer,Kentucky,0
21227,Warren,Kentucky,1
21235,Whitley,Kentucky,2
22007,Assumption,Louisiana,0
22021,Caldwell,Louisiana,0
22025,Catahoula,Louisiana,0
22047,Iberville,Louisiana,0
22059,La Salle,Louisiana,0
22067,Morehouse,Louisiana,0
22083,Richland,Louisiana,0
48101,Cottle,Texas,0
48105,Crockett,Texas,0
48109,Culberson,Texas,0
48111,Dallam,Texas,0
48113,Dallas,Texas,1
48121,Denton,Texas,0
48125,Dickens,Texas,0
48133,Eastland,Texas,0
48139,Ellis,Texas,0
48145,Falls,Texas,0
48147,Fannin,Texas,0
48151,Fisher,Texas,0
48157,Fort Bend,Texas,0
48181,Grayson,Texas,0
48189,Hale,Texas,0
48193,Hamilton,Texas,0
48345,Motley,Texas,0
48347,Nacogdoches,Texas,0
48351,Newton,Texas,0
51135,Nottoway,Virginia,0
51137,Orange,Virginia,0
51139,Page,Virginia,0
51143,Pittsylvania,Virginia,0
51153,Prince William,Virginia,0
51163,Rockbridge,Virginia,0
51169,Scott,Virginia,0
51171,Shenandoah,Virginia,0
51181,Surry,Virginia,0
51183,Sussex,Virginia,0
53033,King,Washington,3
55035,Eau Claire,Wisconsin,1
55037,Florence,Wisconsin,0
55041,Forest,Wisconsin,0
55043,Grant,Wisconsin,0
55047,Green Lake,Wisconsin,0
55049,Iowa,Wisconsin,0
55055,Jefferson,Wisconsin,0
55057,Juneau,Wisconsin,0
55059,Kenosha,Wisconsin,1
56027,Niobrara,Wyoming,0
56029,Park,Wyoming,0
56035,Sublette,Wyoming,0
56037,Sweetwater,Wyoming,0
56043,Washakie,Wyoming,0
53043,Lincoln,Washington,0
53051,Pend Oreille,Washington,0
53053,Pierce,Washington,1
48197,Hardeman,Texas,0
48199,Hardin,Texas,0
48201,Harris,Texas,1
48203,Harrison,Texas,0
48211,Hemphill,Texas,0
48213,Henderson,Texas,0
48215,Hidalgo,Texas,0
48223,Hopkins,Texas,0
48235,Irion,Texas,0
48237,Jack,Texas,0
48239,Jackson,Texas,0
48243,Jeff Davis,Texas,0
48249,Jim Wells,Texas,0
48253,Jones,Texas,0
48259,Kendall,Texas,0
51185,Tazewell,Virginia,0
51191,Washington,Virginia,0
51195,Wise,Virginia,0
51520,Bristol,Virginia,0
51550,Chesapeake,Virginia,0
51580,Covington,Virginia,0
51610,Falls Church,Virginia,0
51640,Galax,Virginia,0
51678,Lexington,Virginia,0
51683,Manassas,Virginia,0
51685,Manassas Park,Virginia,0
51710,Norfolk,Virginia,0
51730,Petersburg,Virginia,0
51750,Radford,Virginia,0
51790,Staunton,Virginia,0
55065,Lafayette,Wisconsin,0
55075,Marinette,Wisconsin,0
55077,Marquette,Wisconsin,0
55083,Oconto,Wisconsin,0
55085,Oneida,Wisconsin,0
55091,Pepin,Wisconsin,0
55093,Pierce,Wisconsin,0
55097,Portage,Wisconsin,0
53063,Spokane,Washington,1
53067,Thurston,Washington,2
53069,Wahkiakum,Washington,0
53077,Yakima,Washington,0
54003,Berkeley,West Virginia,0
54005,Boone,West Virginia,0
54009,Brooke,West Virginia,0
54011,Cabell,West Virginia,1
54015,Clay,West Virginia,0
54019,Fayette,West Virginia,1
12037,Franklin,Florida,0
12057,Hillsborough,Florida,1
12065,Jefferson,Florida,0
8093,Park,Colorado,0
8099,Prowers,Colorado,0
8107,Routt,Colorado,0
8113,San Miguel,Colorado,0
8115,Sedgwick,Colorado,0
5125,Saline,Arkansas,0
5131,Sebastian,Arkansas,0
5139,Union,Arkansas,0
18171,Warren,Indiana,0
18177,Wayne,Indiana,0
19005,Allamakee,Iowa,0
17059,Gallatin,Illinois,0
17067,Hancock,Illinois,0
18061,Harrison,Indiana,0
18073,Jasper,Indiana,0
18081,Johnson,Indiana,0
18083,Knox,Indiana,0
18089,Lake,Indiana,0
18107,Montgomery,Indiana,0
20121,Miami,Kansas,0
20129,Morton,Kansas,0
20137,Norton,Kansas,0
20147,Phillips,Kansas,0
20153,Rawlins,Kansas,0
20161,Riley,Kansas,0
20175,Seward,Kansas,0
22065,Madison,Louisiana,0
9001,Fairfield,Connecticut,4
5021,Clay,Arkansas,0
21119,Knott,Kentucky,0
21127,Lawrence,Kentucky,0
21133,Letcher,Kentucky,0
21141,Logan,Kentucky,0
21149,McLean,Kentucky,0
21155,Marion,Kentucky,0
4015,Mohave,Arizona,1
21163,Meade,Kentucky,0
21177,Muhlenberg,Kentucky,0
19051,Davis,Iowa,0
19065,Fayette,Iowa,0
19071,Fremont,Iowa,0
19083,Hardin,Iowa,0
19085,Harrison,Iowa,0
19097,Jackson,Iowa,0
19109,Kossuth,Iowa,0
18111,Newton,Indiana,0
19119,Lyon,Iowa,0
19133,Monona,Iowa,0
19143,Osceola,Iowa,0
19167,Sioux,Iowa,0
19173,Taylor,Iowa,0
19185,Wayne,Iowa,0
19191,Winneshiek,Iowa,0
20001,Allen,Kansas,0
20007,Barber,Kansas,0
20011,Bourbon,Kansas,0
22071,Orleans,Louisiana,3
27075,Lake,Minnesota,0
21161,Mason,Kentucky,0
27123,Ramsey,Minnesota,1
27135,Roseau,Minnesota,0
27151,Swift,Minnesota,0
27155,Traverse,Minnesota,0
27165,Watonwan,Minnesota,0
27167,Wilkin,Minnesota,0
27173,Yellow Medicine,Minnesota,0
28001,Adams,Mississippi,0
28019,Choctaw,Mississippi,0
28025,Clay,Mississippi,0
28027,Coahoma,Mississippi,0
19117,Lucas,Iowa,0
37053,Currituck,North Carolina,0
37079,Greene,North Carolina,0
37089,Henderson,North Carolina,0
42035,Clinton,Pennsylvania,0
42041,Cumberland,Pennsylvania,0
20021,Cherokee,Kansas,0
28055,Issaquena,Mississippi,0
28063,Jefferson,Mississippi,0
28071,Lafayette,Mississippi,0
23001,Androscoggin,Maine,0
23003,Aroostook,Maine,0
22087,St. Bernard,Louisiana,0
38015,Burleigh,North Dakota,0
38021,Dickey,North Dakota,0
38023,Divide,North Dakota,0
38033,Golden Valley,North Dakota,0
38049,McHenry,North Dakota,0
28047,Harrison,Mississippi,0
28105,Oktibbeha,Mississippi,0
28111,Perry,Mississippi,0
28113,Pike,Mississippi,0
28125,Sharkey,Mississippi,0
28131,Stone,Mississippi,0
35047,San Miguel,New Mexico,0
35051,Sierra,New Mexico,0
35055,Taos,New Mexico,0
36001,Albany,New York,0
36005,Bronx,New York,2
42043,Dauphin,Pennsylvania,1
42059,Greene,Pennsylvania,0
42065,Jefferson,Pennsylvania,0
42071,Lancaster,Pennsylvania,1
42077,Lehigh,Pennsylvania,0
42083,McKean,Pennsylvania,0
41035,Klamath,Oregon,0
23005,Cumberland,Maine,1
45029,Colleton,South Carolina,0
45041,Florence,South Carolina,0
45043,Georgetown,South Carolina,0
47023,Chester,Tennessee,0
38051,McIntosh,North Dakota,0
38057,Mercer,North Dakota,0
40067,Jefferson,Oklahoma,0
40077,Latimer,Oklahoma,0
40079,Le Flore,Oklahoma,0
40089,McCurtain,Oklahoma,0
40095,Marshall,Oklahoma,0
40105,Nowata,Oklahoma,0
40113,Osage,Oklahoma,0
36015,Chemung,New York,0
36023,Cortland,New York,0
36025,Delaware,New York,0
36029,Erie,New York,0
40139,Texas,Oklahoma,0
40151,Woods,Oklahoma,0
41001,Baker,Oregon,0
41007,Clatsop,Oregon,1
41041,Lincoln,Oregon,1
31139,Pierce,Nebraska,0
31145,Red Willow,Nebraska,0
19029,Cass,Iowa,0
19037,Chickasaw,Iowa,0
17083,Jersey,Illinois,0
17085,Jo Daviess,Illinois,0
17097,Lake,Illinois,0
17115,Macon,Illinois,0
17119,Madison,Illinois,1
47039,Decatur,Tennessee,0
47043,Dickson,Tennessee,0
47053,Gibson,Tennessee,0
47055,Giles,Tennessee,0
23013,Knox,Maine,0
23019,Penobscot,Maine,0
23025,Somerset,Maine,0
40121,Pittsburg,Oklahoma,0
40129,Roger Mills,Oklahoma,0
24045,Wicomico,Maryland,0
25025,Suffolk,Massachusetts,2
26001,Alcona,Michigan,0
41015,Curry,Oregon,0
41025,Harney,Oregon,0
26089,Leelanau,Michigan,0
26105,Mason,Michigan,0
28147,Walthall,Mississippi,0
42107,Schuylkill,Pennsylvania,0
42127,Wayne,Pennsylvania,0
42129,Westmoreland,Pennsylvania,0
49015,Emery,Utah,0
49021,Iron,Utah,0
49025,Kane,Utah,0
47029,Cocke,Tennessee,1
23027,Waldo,Maine,0
31157,Scotts Bluff,Nebraska,0
31165,Sioux,Nebraska,0
31175,Valley,Nebraska,0
31177,Washington,Nebraska,0
32001,Churchill,Nevada,0
32003,Clark,Nevada,1
26011,Arenac,Michigan,0
30067,Park,Montana,0
30073,Pondera,Montana,0
30079,Prairie,Montana,0
30081,Ravalli,Montana,0
30089,Sanders,Montana,0
30095,Stillwater,Montana,0
26109,Menominee,Michigan,0
28149,Warren,Mississippi,0
28161,Yalobusha,Mississippi,0
29005,Atchison,Missouri,0
29011,Barton,Missouri,0
29019,Boone,Missouri,0
29025,Caldwell,Missouri,0
39085,Lake,Ohio,0
39095,Lucas,Ohio,0
44009,Washington,Rhode Island,0
45011,Barnwell,South Carolina,0
45013,Beaufort,South Carolina,0
32015,Lander,Nevada,0
32019,Lyon,Nevada,0
32029,Storey,Nevada,0
39111,Monroe,Ohio,0
39113,Montgomery,Ohio,1
39123,Ottawa,Ohio,0
39145,Scioto,Ohio,0
39155,Trumbull,Ohio,0
30103,Treasure,Montana,0
30105,Valley,Montana,0
38077,Richland,North Dakota,0
38085,Sioux,North Dakota,0
38099,Walsh,North Dakota,0
38105,Williams,North Dakota,0
29031,Cape Girardeau,Missouri,0
29037,Cass,Missouri,0
36047,Kings,New York,2
36053,Madison,New York,0
36061,New York,New York,6
36067,Onondaga,New York,1
41045,Malheur,Oregon,0
41055,Sherman,Oregon,0
41057,Tillamook,Oregon,0
41063,Wallowa,Oregon,0
41067,Washington,Oregon,1
29101,Johnson,Missouri,0
29107,Lafayette,Missouri,0
29113,Lincoln,Missouri,0
29123,Madison,Missouri,0
29127,Marion,Missouri,0
39163,Vinton,Ohio,0
47073,Hawkins,Tennessee,0
47079,Henry,Tennessee,0
47089,Jefferson,Tennessee,0
47091,Johnson,Tennessee,0
47097,Lauderdale,Tennessee,0
47103,Lincoln,Tennessee,0
47115,Marion,Tennessee,0
47121,Meigs,Tennessee,0
47123,Monroe,Tennessee,0
47131,Obion,Tennessee,0
39007,Ashtabula,Ohio,0
48371,Pecos,Texas,0
48377,Presidio,Texas,0
48391,Refugio,Texas,0
48401,Rusk,Texas,0
48407,San Jacinto,Texas,0
48409,San Patricio,Texas,0
36079,Putnam,New York,0
48443,Terrell,Texas,0
48461,Upton,Texas,0
48465,Val Verde,Texas,0
48473,Waller,Texas,0
48479,Webb,Texas,0
48487,Wilbarger,Texas,0
48495,Winkler,Texas,0
48501,Yoakum,Texas,0
48505,Zapata,Texas,0
49003,Box Elder,Utah,0
48005,Angelina,Texas,0
48007,Aransas,Texas,0
48037,Bowie,Texas,0
48043,Brewster,Texas,0
29183,St. Charles,Missouri,0
29189,St. Louis,Missouri,0
29199,Scotland,Missouri,0
24005,Baltimore,Maryland,1
24025,Harford,Maryland,0
26013,Baraga,Michigan,0
26029,Charlevoix,Michigan,0
30111,Yellowstone,Montana,1
31015,Boyd,Nebraska,0
31021,Burt,Nebraska,0
26121,Muskegon,Michigan,0
26127,Oceana,Michigan,0
26139,Ottawa,Michigan,0
26141,Presque Isle,Michigan,0
26151,Sanilac,Michigan,0
26153,Schoolcraft,Michigan,0
45019,Charleston,South Carolina,2
46071,Jackson,South Dakota,0
46081,Lawrence,South Dakota,0
46083,Lincoln,South Dakota,0
46089,McPherson,South Dakota,0
46099,Minnehaha,South Dakota,0
46105,Perkins,South Dakota,0
46109,Roberts,South Dakota,0
33001,Belknap,New Hampshire,0
33007,Coos,New Hampshire,0
33011,Hillsborough,New Hampshire,2
33013,Merrimack,New Hampshire,0
34001,Atlantic,New Jersey,1
34005,Burlington,New Jersey,0
34011,Cumberland,New Jersey,0
31031,Cherry,Nebraska,0
31043,Dakota,Nebraska,0
31049,Deuel,Nebraska,0
31055,Douglas,Nebraska,0
31061,Franklin,Nebraska,0
31067,Gage,Nebraska,0
39035,Cuyahoga,Ohio,0
39051,Fulton,Ohio,0
39053,Gallia,Ohio,1
29063,DeKalb,Missouri,0
29069,Dunklin,Missouri,0
29081,Harrison,Missouri,0
29089,Howard,Missouri,0
29091,Howell,Missouri,0
37015,Bertie,North Carolina,0
37023,Burke,North Carolina,0
37029,Camden,North Carolina,0
37031,Carteret,North Carolina,0
29133,Mississippi,Missouri,0
29143,New Madrid,Missouri,0
29149,Oregon,Missouri,0
29155,Pemiscot,Missouri,0
29165,Platte,Missouri,0
37101,Johnston,North Carolina,0
37107,Lenoir,North Carolina,0
37113,Macon,North Carolina,1
37119,Mecklenburg,North Carolina,1
37125,Moore,North Carolina,0
40001,Adair,Oklahoma,0
40007,Beaver,Oklahoma,0
40021,Cherokee,Oklahoma,0
40023,Choctaw,Oklahoma,0
40033,Cotton,Oklahoma,0
40041,Delaware,Oklahoma,0
40051,Grady,Oklahoma,0
37189,Watauga,North Carolina,0
48051,Burleson,Texas,0
35023,Hidalgo,New Mexico,0
35029,Luna,New Mexico,0
35031,McKinley,New Mexico,0
35035,Otero,New Mexico,0
47153,Sequatchie,Tennessee,0
47157,Shelby,Tennessee,3
47163,Sullivan,Tennessee,1
47171,Unicoi,Tennessee,0
47181,Wayne,Tennessee,0
45057,Lancaster,South Carolina,0
36085,Richmond,New York,0
36097,Schuyler,New York,0
36105,Sullivan,New York,0
36111,Ulster,New York,0
36115,Washington,New York,0
36119,Westchester,New York,1
45091,York,South Carolina,0
46009,Bon Homme,South Dakota,0
46013,Brown,South Dakota,0
46021,Campbell,South Dakota,0
29209,Stone,Missouri,0
29217,Vernon,Missouri,0
29227,Worth,Missouri,0
30001,Beaverhead,Montana,0
37171,Surry,North Carolina,0
37177,Tyrrell,North Carolina,0
39067,Harrison,Ohio,0
39073,Hocking,Ohio,0
39079,Jackson,Ohio,0
48057,Calhoun,Texas,0
48071,Chambers,Texas,0
48093,Comanche,Texas,0
48097,Cooke,Texas,0
24510,Baltimore,Maryland,1
45063,Lexington,South Carolina,0
45067,Marion,South Carolina,0
45077,Pickens,South Carolina,0
26053,Gogebic,Michigan,0
46027,Clay,South Dakota,0
46031,Corson,South Dakota,0
46047,Fall River,South Dakota,0
46053,Gregory,South Dakota,0
27007,Beltrami,Minnesota,0
27015,Brown,Minnesota,0
27021,Cass,Minnesota,0
27027,Clay,Minnesota,1
46123,Tripp,South Dakota,0
46135,Yankton,South Dakota,0
30011,Carter,Montana,0
30017,Custer,Montana,0
30025,Fallon,Montana,0
30027,Fergus,Montana,0
30033,Garfield,Montana,0
30039,Granite,Montana,0
30045,Judith Basin,Montana,0
31131,Otoe,Nebraska,0
25005,Bristol,Massachusetts,0
25009,Essex,Massachusetts,3
25019,Nantucket,Massachusetts,0
34023,Middlesex,New Jersey,0
26055,Grand Traverse,Michigan,0
31091,Hooker,Nebraska,0
31095,Jefferson,Nebraska,0
31103,Keya Paha,Nebraska,0
31111,Lincoln,Nebraska,0
28089,Madison,Mississippi,0
28093,Marshall,Mississippi,0
27031,Cook,Minnesota,0
27049,Goodhue,Minnesota,0
27055,Houston,Minnesota,0
37049,Craven,North Carolina,0
37051,Cumberland,North Carolina,1
37131,Northampton,North Carolina,0
37137,Pamlico,North Carolina,0
37149,Polk,North Carolina,0
37155,Robeson,North Carolina,0
42091,Montgomery,Pennsylvania,0
42097,Northumberland,Pennsylvania,0
42103,Pike,Pennsylvania,0
34025,Monmouth,New Jersey,1
34039,Union,New Jersey,0
35003,Catron,New Mexico,0
35005,Chaves,New Mexico,0
35009,Curry,New Mexico,0
30061,Mineral,Montana,0
38001,Adams,North Dakota,0
9011,New London,Connecticut,1
10001,Kent,Delaware,0
10003,New Castle,Delaware,0
12009,Brevard,Florida,0
12075,Levy,Florida,0
5031,Craighead,Arkansas,0
5035,Crittenden,Arkansas,0
5041,Desha,Arkansas,0
5057,Hempstead,Arkansas,0
5063,Independence,Arkansas,0
5069,Jefferson,Arkansas,0
5075,Lawrence,Arkansas,0
5077,Lee,Arkansas,0
4025,Yavapai,Arizona,0
5005,Baxter,Arkansas,0
5007,Benton,Arkansas,0
16073,Owyhee,Idaho,0
16085,Valley,Idaho,0
16087,Washington,Idaho,0
17013,Calhoun,Illinois,0
17021,Christian,Illinois,0
17027,Clinton,Illinois,0
16031,Cassia,Idaho,0
16035,Clearwater,Idaho,0
16037,Custer,Idaho,0
16049,Idaho,Idaho,0
16059,Lemhi,Idaho,0
18023,Clinton,Indiana,0
12021,Collier,Florida,0
12033,Escambia,Florida,0
16007,Bear Lake,Idaho,0
16011,Bingham,Idaho,0
16013,Blaine,Idaho,0
5105,Perry,Arkansas,0
5107,Phillips,Arkansas,0
5119,Pulaski,Arkansas,1
17031,Cook,Illinois,2
18123,Perry,Indiana,0
18129,Posey,Indiana,0
18143,Scott,Indiana,1
18147,Spencer,Indiana,0
18155,Switzerland,Indiana,0
18163,Vanderburgh,Indiana,0
18029,Dearborn,Indiana,0
18037,Dubois,Indiana,0
18039,Elkhart,Indiana,0
13135,Gwinnett,Georgia,0
13145,Harris,Georgia,0
13151,Henry,Georgia,0
13161,Jeff Davis,Georgia,0
13167,Johnson,Georgia,0
13177,Lee,Georgia,0
13179,Liberty,Georgia,0
20107,Linn,Kansas,0
20117,Marshall,Kansas,0
17149,Pike,Illinois,0
17157,Randolph,Illinois,0
17161,Rock Island,Illinois,0
17171,Scott,Illinois,0
17173,Shelby,Illinois,0
17181,Union,Illinois,0
17185,Wabash,Illinois,0
17193,White,Illinois,0
17201,Winnebago,Illinois,0
13287,Turner,Georgia,0
13291,Union,Georgia,0
13299,Ware,Georgia,0
21105,Hickman,Kentucky,0
48273,Kleberg,Texas,0
48311,McMullen,Texas,0
48315,Marion,Texas,0
48321,Matagorda,Texas,0
48337,Montague,Texas,0
54047,McDowell,West Virginia,0
54057,Mineral,West Virginia,0
54063,Monroe,West Virginia,0
54071,Pendleton,West Virginia,0
54077,Preston,West Virginia,0
51059,Fairfax,Virginia,1
51071,Giles,Virginia,0
51077,Grayson,Virginia,0
51083,Halifax,Virginia,0
51089,Henry,Virginia,0
51093,Isle of Wight,Virginia,0
51099,King George,Virginia,0
51105,Lee,Virginia,0
21033,Caldwell,Kentucky,0
13305,Wayne,Georgia,0
51117,Mecklenburg,Virginia,0
53007,Chelan,Washington,0
48117,Deaf Smith,Texas,0
48261,Kenedy,Texas,0
48135,Ector,Texas,0
48141,El Paso,Texas,0
48155,Foard,Texas,0
48161,Freestone,Texas,0
48165,Gaines,Texas,0
51107,Loudoun,Virginia,0
51131,Northampton,Virginia,0
51147,Prince Edward,Virginia,0
51149,Prince George,Virginia,0
51159,Richmond,Virginia,0
51161,Roanoke,Virginia,0
51165,Rockingham,Virginia,0
51175,Southampton,Virginia,0
51177,Spotsylvania,Virginia,0
55061,Kewaunee,Wisconsin,0
56039,Teton,Wyoming,0
53047,Okanogan,Washington,1
48129,Donley,Texas,0
48167,Galveston,Texas,0
48221,Hood,Texas,0
48225,Houston,Texas,0
48229,Hudspeth,Texas,0
48245,Jefferson,Texas,0
48257,Kaufman,Texas,0
51193,Westmoreland,Virginia,0
51199,York,Virginia,0
53031,Jefferson,Washington,0
55031,Douglas,Wisconsin,1
55051,Iron,Wisconsin,0
53049,Pacific,Washington,0
51570,Colonial Heights,Virginia,0
51630,Fredericksburg,Virginia,0
51650,Hampton,Virginia,0
51700,Newport News,Virginia,0
51735,Poquoson,Virginia,0
51770,Roanoke,Virginia,1
55071,Manitowoc,Wisconsin,0
55079,Milwaukee,Wisconsin,2
55089,Ozaukee,Wisconsin,0
53055,San Juan,Washington,0
53061,Snohomish,Washington,0
53071,Walla Walla,Washington,1
53073,Whatcom,Washington,1
22039,Evangeline,Louisiana,0
27139,Scott,Minnesota,0
31113,Logan,Nebraska,0
37043,Clay,North Carolina,0
39057,Greene,Ohio,2
36009,Cattaraugus,New York,0
47169,Trousdale,Tennessee,0
46073,Jerauld,South Dakota,0
48365,Panola,Texas,0
48207,Haskell,Texas,0
51690,Martinsville,Virginia,0
55131,Washington,Wisconsin,0
54067,Nicholas,West Virginia,0
51087,Henrico,Virginia,1
1043,Cullman,Alabama,0
1109,Pike,Alabama,0
9009,New Haven,Connecticut,2
5049,Fulton,Arkansas,0
5127,Scott,Arkansas,0
21117,Kenton,Kentucky,1
19123,Mahaska,Iowa,0
47015,Cannon,Tennessee,0
38011,Bowman,North Dakota,0
38083,Sheridan,North Dakota,0
48375,Potter,Texas,0
31065,Furnas,Nebraska,0
28135,Tallahatchie,Mississippi,0
41019,Douglas,Oregon,0
29013,Bates,Missouri,0
55001,Adams,Wisconsin,0
53057,Skagit,Washington,1
6085,Santa Clara,California,1
13017,Ben Hill,Georgia,0
18047,Franklin,Indiana,0
22123,West Carroll,Louisiana,0
26067,Ionia,Michigan,0
37185,Warren,North Carolina,0
45015,Berkeley,South Carolina,0
13045,Carroll,Georgia,0
37093,Hoke,North Carolina,0
20149,Pottawatomie,Kansas,0
28033,DeSoto,Mississippi,0
42001,Adams,Pennsylvania,0
37161,Rutherford,North Carolina,0
21051,Clay,Kentucky,1
13245,Richmond,Georgia,0
13251,Screven,Georgia,0
13261,Sumter,Georgia,0
13263,Talbot,Georgia,0
13273,Terrell,Georgia,0
20193,Thomas,Kansas,0
20199,Wallace,Kansas,0
20201,Washington,Kansas,0
21195,Pike,Kentucky,0
21211,Shelby,Kentucky,0
21213,Simpson,Kentucky,0
21223,Trimble,Kentucky,0
21225,Union,Kentucky,0
20037,Crawford,Kansas,0
20043,Doniphan,Kansas,0
20061,Geary,Kansas,0
20067,Grant,Kansas,0
20071,Greeley,Kansas,0
20083,Hodgeman,Kansas,0
20089,Jewell,Kansas,0
22019,Calcasieu,Louisiana,0
22027,Claiborne,Louisiana,0
22029,Concordia,Louisiana,0
22037,East Feliciana,Louisiana,0
53009,Clallam,Washington,1
53027,Grays Harbor,Washington,1
55105,Rock,Wisconsin,1
55117,Sheboygan,Wisconsin,0
55127,Walworth,Wisconsin,0
55009,Brown,Wisconsin,1
49047,Uintah,Utah,0
49053,Washington,Utah,0
50001,Addison,Vermont,0
50009,Essex,Vermont,0
50017,Orange,Vermont,0
50023,Washington,Vermont,0
22003,Allen,Louisiana,0
22009,Avoyelles,Louisiana,0
22101,St. Mary,Louisiana,0
22107,Tensas,Louisiana,0
22109,Terrebonne,Louisiana,0
21021,Boyle,Kentucky,1
21023,Bracken,Kentucky,1
22045,Iberia,Louisiana,0
21047,Christian,Kentucky,1
21055,Crittenden,Kentucky,0
21059,Daviess,Kentucky,0
21073,Franklin,Kentucky,0
21075,Fulton,Kentucky,0
21089,Greenup,Kentucky,0
21095,Harlan,Kentucky,0
55137,Waushara,Wisconsin,0
56001,Albany,Wyoming,0
56007,Carbon,Wyoming,0
56011,Crook,Wyoming,0
56013,Fremont,Wyoming,0
56021,Laramie,Wyoming,0
54031,Hardy,West Virginia,0
54035,Jackson,West Virginia,0
54041,Lewis,West Virginia,1
50027,Windsor,Vermont,0
51001,Accomack,Virginia,0
51021,Bland,Virginia,0
51027,Buchanan,Virginia,0
51037,Charlotte,Virginia,0
51041,Chesterfield,Virginia,0
2050,Bethel,Alaska,0
2105,Hoonah-Angoon,Alaska,0
2122,Kenai Peninsula,Alaska,0
2150,Kodiak Island,Alaska,0
2164,Lake and Peninsula,Alaska,0
2180,Nome,Alaska,0
2188,Northwest Arctic,Alaska,0
2198,Prince of Wales-Hyder,Alaska,0
2261,Valdez-Cordova,Alaska,0
2270,Wade Hampton,Alaska,0
2070,Dillingham,Alaska,0
2110,Juneau,Alaska,0
2130,Ketchikan Gateway,Alaska,0
2185,North Slope,Alaska,0
2195,Petersburg,Alaska,0
2220,Sitka,Alaska,0
2230,Skagway,Alaska,0
2020,Anchorage,Alaska,0
2068,Denali,Alaska,0
2013,Aleutians East,Alaska,0
2275,Wrangell,Alaska,0
2240,Southeast Fairbanks,Alaska,0
2090,Fairbanks North Star,Alaska,0
2100,Haines,Alaska,0
2170,Matanuska-Susitna,Alaska,0
2016,Aleutians West,Alaska,0
2060,Bristol Bay,Alaska,0
2290,Yukon-Koyukuk,Alaska,0
2282,Yakutat,Alaska,0
15009,Maui,Hawaii,0
15001,Hawaii,Hawaii,0
15007,Kauai,Hawaii,0
15005,Kalawao,Hawaii,0
15003,Honolulu,Hawaii,0
